device_id,zone_id,zone_name,entry_time,exit_time,dwell_minutes,rssi_dbm,nfc_confirmed,date
STUBAND_001,ZONE_A,Lecture Hall,2025-12-01 10:53:00,2025-12-01 15:24:00,271.0,-47,1,2025-12-01
STUBAND_001,ZONE_A,Lecture Hall,2025-12-02 10:32:00,2025-12-02 11:05:00,33.0,-47,1,2025-12-02
STUBAND_001,ZONE_A,Lecture Hall,2025-12-03 08:07:00,2025-12-03 10:24:00,137.0,-54,1,2025-12-03
STUBAND_001,ZONE_A,Lecture Hall,2025-12-04 08:17:00,2025-12-04 08:54:00,37.0,-47,1,2025-12-04
STUBAND_001,ZONE_A,Lecture Hall,2025-12-08 09:03:00,2025-12-08 10:58:00,115.0,-57,1,2025-12-08
STUBAND_001,ZONE_A,Lecture Hall,2025-12-09 08:19:00,2025-12-09 08:54:00,35.0,-45,1,2025-12-09
STUBAND_001,ZONE_A,Lecture Hall,2025-12-10 08:01:00,2025-12-10 09:05:00,64.0,-49,1,2025-12-10
STUBAND_001,ZONE_A,Lecture Hall,2025-12-12 08:25:00,2025-12-12 09:59:00,94.0,-45,1,2025-12-12
STUBAND_001,ZONE_A,Lecture Hall,2025-12-15 08:05:00,2025-12-15 10:16:00,131.0,-58,1,2025-12-15
STUBAND_001,ZONE_A,Lecture Hall,2025-12-16 08:08:00,2025-12-16 10:40:00,152.0,-53,1,2025-12-16
STUBAND_001,ZONE_A,Lecture Hall,2025-12-17 08:25:00,2025-12-17 13:05:00,280.0,-46,1,2025-12-17
STUBAND_001,ZONE_A,Lecture Hall,2025-12-18 09:49:00,2025-12-18 11:21:00,92.0,-58,1,2025-12-18
STUBAND_001,ZONE_A,Lecture Hall,2025-12-19 10:10:00,2025-12-19 11:06:00,56.0,-60,1,2025-12-19
STUBAND_001,ZONE_A,Lecture Hall,2025-12-23 08:29:00,2025-12-23 10:41:00,132.0,-45,1,2025-12-23
STUBAND_001,ZONE_A,Lecture Hall,2025-12-24 11:36:00,2025-12-24 12:45:00,69.0,-54,1,2025-12-24
STUBAND_001,ZONE_A,Lecture Hall,2025-12-25 12:29:00,2025-12-25 14:58:00,149.0,-58,1,2025-12-25
STUBAND_001,ZONE_A,Lecture Hall,2025-12-26 08:15:00,2025-12-26 10:53:00,158.0,-56,1,2025-12-26
STUBAND_001,ZONE_A,Lecture Hall,2025-12-27 08:12:00,2025-12-27 09:02:00,50.0,-55,1,2025-12-27
STUBAND_001,ZONE_A,Lecture Hall,2025-12-30 09:46:00,2025-12-30 10:57:00,71.0,-55,1,2025-12-30
STUBAND_001,ZONE_B,Laboratory,2025-12-02 11:31:00,2025-12-02 12:16:00,45.0,-50,1,2025-12-02
STUBAND_001,ZONE_B,Laboratory,2025-12-03 10:40:00,2025-12-03 11:58:00,78.0,-61,1,2025-12-03
STUBAND_001,ZONE_B,Laboratory,2025-12-04 09:15:00,2025-12-04 11:22:00,127.0,-50,1,2025-12-04
STUBAND_001,ZONE_B,Laboratory,2025-12-06 08:13:00,2025-12-06 09:19:00,66.0,-52,1,2025-12-06
STUBAND_001,ZONE_B,Laboratory,2025-12-08 11:28:00,2025-12-08 14:18:00,170.0,-66,1,2025-12-08
STUBAND_001,ZONE_B,Laboratory,2025-12-09 09:13:00,2025-12-09 11:00:00,107.0,-67,1,2025-12-09
STUBAND_001,ZONE_B,Laboratory,2025-12-10 12:21:00,2025-12-10 12:57:00,36.0,-65,1,2025-12-10
STUBAND_001,ZONE_B,Laboratory,2025-12-12 10:05:00,2025-12-12 12:59:00,174.0,-70,1,2025-12-12
STUBAND_001,ZONE_B,Laboratory,2025-12-13 09:52:00,2025-12-13 10:32:00,40.0,-64,1,2025-12-13
STUBAND_001,ZONE_B,Laboratory,2025-12-18 09:01:00,2025-12-18 09:32:00,31.0,-63,1,2025-12-18
STUBAND_001,ZONE_B,Laboratory,2025-12-19 08:22:00,2025-12-19 10:04:00,102.0,-65,1,2025-12-19
STUBAND_001,ZONE_B,Laboratory,2025-12-20 08:12:00,2025-12-20 10:14:00,122.0,-66,1,2025-12-20
STUBAND_001,ZONE_B,Laboratory,2025-12-23 10:51:00,2025-12-23 12:42:00,111.0,-51,1,2025-12-23
STUBAND_001,ZONE_B,Laboratory,2025-12-26 15:42:00,2025-12-26 17:39:00,117.0,-55,1,2025-12-26
STUBAND_001,ZONE_B,Laboratory,2025-12-27 09:56:00,2025-12-27 10:41:00,45.0,-64,1,2025-12-27
STUBAND_001,ZONE_B,Laboratory,2025-12-30 11:05:00,2025-12-30 11:33:00,28.0,-55,1,2025-12-30
STUBAND_001,ZONE_C,Library,2025-12-01 08:07:00,2025-12-01 10:46:00,159.0,-71,1,2025-12-01
STUBAND_001,ZONE_C,Library,2025-12-02 12:22:00,2025-12-02 13:09:00,47.0,-63,1,2025-12-02
STUBAND_001,ZONE_C,Library,2025-12-03 14:27:00,2025-12-03 15:58:00,91.0,-67,1,2025-12-03
STUBAND_001,ZONE_C,Library,2025-12-06 09:29:00,2025-12-06 14:37:00,308.0,-70,1,2025-12-06
STUBAND_001,ZONE_C,Library,2025-12-08 08:02:00,2025-12-08 08:45:00,43.0,-73,1,2025-12-08
STUBAND_001,ZONE_C,Library,2025-12-09 12:37:00,2025-12-09 14:49:00,132.0,-68,1,2025-12-09
STUBAND_001,ZONE_C,Library,2025-12-10 09:34:00,2025-12-10 11:56:00,142.0,-61,1,2025-12-10
STUBAND_001,ZONE_C,Library,2025-12-15 10:41:00,2025-12-15 11:25:00,44.0,-65,1,2025-12-15
STUBAND_001,ZONE_C,Library,2025-12-16 13:21:00,2025-12-16 14:19:00,58.0,-57,1,2025-12-16
STUBAND_001,ZONE_C,Library,2025-12-17 13:24:00,2025-12-17 18:38:00,314.0,-61,1,2025-12-17
STUBAND_001,ZONE_C,Library,2025-12-18 08:18:00,2025-12-18 08:51:00,33.0,-64,1,2025-12-18
STUBAND_001,ZONE_C,Library,2025-12-22 08:01:00,2025-12-22 09:14:00,73.0,-75,1,2025-12-22
STUBAND_001,ZONE_C,Library,2025-12-25 09:22:00,2025-12-25 12:22:00,180.0,-69,1,2025-12-25
STUBAND_001,ZONE_C,Library,2025-12-26 10:58:00,2025-12-26 13:05:00,127.0,-55,1,2025-12-26
STUBAND_001,ZONE_C,Library,2025-12-27 09:29:00,2025-12-27 09:51:00,22.0,-59,1,2025-12-27
STUBAND_001,ZONE_C,Library,2025-12-29 11:33:00,2025-12-29 14:09:00,156.0,-67,1,2025-12-29
STUBAND_001,ZONE_C,Library,2025-12-30 09:06:00,2025-12-30 09:37:00,31.0,-59,1,2025-12-30
STUBAND_001,ZONE_D,Restricted Area,2025-12-02 08:06:00,2025-12-02 10:16:00,130.0,-62,1,2025-12-02
STUBAND_001,ZONE_D,Restricted Area,2025-12-03 12:10:00,2025-12-03 14:12:00,122.0,-65,1,2025-12-03
STUBAND_001,ZONE_D,Restricted Area,2025-12-09 11:27:00,2025-12-09 12:31:00,64.0,-63,1,2025-12-09
STUBAND_001,ZONE_D,Restricted Area,2025-12-10 13:24:00,2025-12-10 18:09:00,285.0,-51,1,2025-12-10
STUBAND_001,ZONE_D,Restricted Area,2025-12-13 08:17:00,2025-12-13 09:39:00,82.0,-49,1,2025-12-13
STUBAND_001,ZONE_D,Restricted Area,2025-12-16 11:02:00,2025-12-16 13:02:00,120.0,-58,1,2025-12-16
STUBAND_001,ZONE_D,Restricted Area,2025-12-19 11:35:00,2025-12-19 13:28:00,113.0,-62,1,2025-12-19
STUBAND_001,ZONE_D,Restricted Area,2025-12-20 10:20:00,2025-12-20 12:04:00,104.0,-53,1,2025-12-20
STUBAND_001,ZONE_D,Restricted Area,2025-12-22 09:43:00,2025-12-22 10:43:00,60.0,-60,1,2025-12-22
STUBAND_001,ZONE_D,Restricted Area,2025-12-24 08:29:00,2025-12-24 11:08:00,159.0,-54,1,2025-12-24
STUBAND_001,ZONE_D,Restricted Area,2025-12-25 08:05:00,2025-12-25 09:00:00,55.0,-63,1,2025-12-25
STUBAND_001,ZONE_D,Restricted Area,2025-12-26 13:21:00,2025-12-26 15:30:00,129.0,-64,1,2025-12-26
STUBAND_001,ZONE_D,Restricted Area,2025-12-29 08:07:00,2025-12-29 11:03:00,176.0,-49,1,2025-12-29
STUBAND_001,ZONE_D,Restricted Area,2025-12-30 08:10:00,2025-12-30 08:58:00,48.0,-52,1,2025-12-30
STUBAND_002,ZONE_A,Lecture Hall,2025-12-01 08:07:00,2025-12-01 08:28:00,21.0,-46,1,2025-12-01
STUBAND_002,ZONE_A,Lecture Hall,2025-12-02 09:06:00,2025-12-02 14:35:00,329.0,-57,1,2025-12-02
STUBAND_002,ZONE_A,Lecture Hall,2025-12-03 10:01:00,2025-12-03 11:49:00,108.0,-57,1,2025-12-03
STUBAND_002,ZONE_A,Lecture Hall,2025-12-05 11:08:00,2025-12-05 12:50:00,102.0,-59,1,2025-12-05
STUBAND_002,ZONE_A,Lecture Hall,2025-12-06 09:12:00,2025-12-06 11:51:00,159.0,-46,1,2025-12-06
STUBAND_002,ZONE_A,Lecture Hall,2025-12-08 08:27:00,2025-12-08 11:20:00,173.0,-59,1,2025-12-08
STUBAND_002,ZONE_A,Lecture Hall,2025-12-13 11:08:00,2025-12-13 13:58:00,170.0,-58,1,2025-12-13
STUBAND_002,ZONE_A,Lecture Hall,2025-12-16 08:29:00,2025-12-16 09:25:00,56.0,-58,1,2025-12-16
STUBAND_002,ZONE_A,Lecture Hall,2025-12-17 10:32:00,2025-12-17 11:34:00,62.0,-58,1,2025-12-17
STUBAND_002,ZONE_A,Lecture Hall,2025-12-18 08:00:00,2025-12-18 10:44:00,164.0,-49,1,2025-12-18
STUBAND_002,ZONE_A,Lecture Hall,2025-12-19 12:26:00,2025-12-19 15:09:00,163.0,-50,1,2025-12-19
STUBAND_002,ZONE_A,Lecture Hall,2025-12-20 15:11:00,2025-12-20 17:17:00,126.0,-50,1,2025-12-20
STUBAND_002,ZONE_A,Lecture Hall,2025-12-24 08:12:00,2025-12-24 10:54:00,162.0,-59,1,2025-12-24
STUBAND_002,ZONE_A,Lecture Hall,2025-12-26 08:15:00,2025-12-26 08:56:00,41.0,-53,1,2025-12-26
STUBAND_002,ZONE_A,Lecture Hall,2025-12-29 08:04:00,2025-12-29 10:20:00,136.0,-51,1,2025-12-29
STUBAND_002,ZONE_B,Laboratory,2025-12-01 12:51:00,2025-12-01 14:42:00,111.0,-68,1,2025-12-01
STUBAND_002,ZONE_B,Laboratory,2025-12-02 14:40:00,2025-12-02 16:00:00,80.0,-68,1,2025-12-02
STUBAND_002,ZONE_B,Laboratory,2025-12-05 10:04:00,2025-12-05 10:44:00,40.0,-53,1,2025-12-05
STUBAND_002,ZONE_B,Laboratory,2025-12-06 08:20:00,2025-12-06 08:42:00,22.0,-62,1,2025-12-06
STUBAND_002,ZONE_B,Laboratory,2025-12-08 11:34:00,2025-12-08 14:03:00,149.0,-59,1,2025-12-08
STUBAND_002,ZONE_B,Laboratory,2025-12-09 10:41:00,2025-12-09 16:21:00,340.0,-51,1,2025-12-09
STUBAND_002,ZONE_B,Laboratory,2025-12-10 11:15:00,2025-12-10 16:57:00,342.0,-62,1,2025-12-10
STUBAND_002,ZONE_B,Laboratory,2025-12-11 09:58:00,2025-12-11 10:58:00,60.0,-51,1,2025-12-11
STUBAND_002,ZONE_B,Laboratory,2025-12-12 11:00:00,2025-12-12 12:44:00,104.0,-64,1,2025-12-12
STUBAND_002,ZONE_B,Laboratory,2025-12-13 08:08:00,2025-12-13 11:02:00,174.0,-58,1,2025-12-13
STUBAND_002,ZONE_B,Laboratory,2025-12-15 08:28:00,2025-12-15 08:59:00,31.0,-52,1,2025-12-15
STUBAND_002,ZONE_B,Laboratory,2025-12-16 09:41:00,2025-12-16 10:53:00,72.0,-61,1,2025-12-16
STUBAND_002,ZONE_B,Laboratory,2025-12-18 12:55:00,2025-12-18 15:21:00,146.0,-59,1,2025-12-18
STUBAND_002,ZONE_B,Laboratory,2025-12-19 15:36:00,2025-12-19 16:53:00,77.0,-51,1,2025-12-19
STUBAND_002,ZONE_B,Laboratory,2025-12-20 11:02:00,2025-12-20 12:20:00,78.0,-67,1,2025-12-20
STUBAND_002,ZONE_B,Laboratory,2025-12-22 08:13:00,2025-12-22 10:22:00,129.0,-50,1,2025-12-22
STUBAND_002,ZONE_B,Laboratory,2025-12-24 13:42:00,2025-12-24 16:34:00,172.0,-66,1,2025-12-24
STUBAND_002,ZONE_B,Laboratory,2025-12-26 09:10:00,2025-12-26 11:14:00,124.0,-51,1,2025-12-26
STUBAND_002,ZONE_B,Laboratory,2025-12-27 08:07:00,2025-12-27 11:03:00,176.0,-62,1,2025-12-27
STUBAND_002,ZONE_B,Laboratory,2025-12-30 09:43:00,2025-12-30 15:14:00,331.0,-50,1,2025-12-30
STUBAND_002,ZONE_C,Library,2025-12-01 08:57:00,2025-12-01 10:44:00,107.0,-70,1,2025-12-01
STUBAND_002,ZONE_C,Library,2025-12-02 16:10:00,2025-12-02 17:24:00,74.0,-62,1,2025-12-02
STUBAND_002,ZONE_C,Library,2025-12-03 08:28:00,2025-12-03 09:55:00,87.0,-67,1,2025-12-03
STUBAND_002,ZONE_C,Library,2025-12-05 08:14:00,2025-12-05 09:43:00,89.0,-66,1,2025-12-05
STUBAND_002,ZONE_C,Library,2025-12-08 14:14:00,2025-12-08 15:31:00,77.0,-71,1,2025-12-08
STUBAND_002,ZONE_C,Library,2025-12-09 08:29:00,2025-12-09 10:15:00,106.0,-66,1,2025-12-09
STUBAND_002,ZONE_C,Library,2025-12-10 08:16:00,2025-12-10 10:55:00,159.0,-63,1,2025-12-10
STUBAND_002,ZONE_C,Library,2025-12-11 08:07:00,2025-12-11 09:41:00,94.0,-71,1,2025-12-11
STUBAND_002,ZONE_C,Library,2025-12-12 08:28:00,2025-12-12 10:47:00,139.0,-71,1,2025-12-12
STUBAND_002,ZONE_C,Library,2025-12-15 09:06:00,2025-12-15 11:50:00,164.0,-67,1,2025-12-15
STUBAND_002,ZONE_C,Library,2025-12-16 11:14:00,2025-12-16 11:58:00,44.0,-60,1,2025-12-16
STUBAND_002,ZONE_C,Library,2025-12-17 08:27:00,2025-12-17 10:19:00,112.0,-67,1,2025-12-17
STUBAND_002,ZONE_C,Library,2025-12-18 11:14:00,2025-12-18 12:36:00,82.0,-66,1,2025-12-18
STUBAND_002,ZONE_C,Library,2025-12-19 09:37:00,2025-12-19 12:01:00,144.0,-62,1,2025-12-19
STUBAND_002,ZONE_C,Library,2025-12-20 12:29:00,2025-12-20 14:42:00,133.0,-66,1,2025-12-20
STUBAND_002,ZONE_C,Library,2025-12-22 10:42:00,2025-12-22 16:10:00,328.0,-63,1,2025-12-22
STUBAND_002,ZONE_C,Library,2025-12-24 12:37:00,2025-12-24 13:36:00,59.0,-65,1,2025-12-24
STUBAND_002,ZONE_C,Library,2025-12-26 17:52:00,2025-12-26 18:42:00,50.0,-75,1,2025-12-26
STUBAND_002,ZONE_C,Library,2025-12-27 11:18:00,2025-12-27 13:26:00,128.0,-64,1,2025-12-27
STUBAND_002,ZONE_C,Library,2025-12-30 08:44:00,2025-12-30 09:24:00,40.0,-69,1,2025-12-30
STUBAND_002,ZONE_D,Restricted Area,2025-12-01 10:57:00,2025-12-01 12:43:00,106.0,-61,1,2025-12-01
STUBAND_002,ZONE_D,Restricted Area,2025-12-02 08:08:00,2025-12-02 08:47:00,39.0,-51,1,2025-12-02
STUBAND_002,ZONE_D,Restricted Area,2025-12-03 12:17:00,2025-12-03 14:47:00,150.0,-55,1,2025-12-03
STUBAND_002,ZONE_D,Restricted Area,2025-12-06 12:01:00,2025-12-06 13:49:00,108.0,-63,1,2025-12-06
STUBAND_002,ZONE_D,Restricted Area,2025-12-08 15:39:00,2025-12-08 17:33:00,114.0,-54,1,2025-12-08
STUBAND_002,ZONE_D,Restricted Area,2025-12-12 12:54:00,2025-12-12 14:01:00,67.0,-51,1,2025-12-12
STUBAND_002,ZONE_D,Restricted Area,2025-12-19 08:09:00,2025-12-19 09:09:00,60.0,-55,1,2025-12-19
STUBAND_002,ZONE_D,Restricted Area,2025-12-20 08:10:00,2025-12-20 10:35:00,145.0,-56,1,2025-12-20
STUBAND_002,ZONE_D,Restricted Area,2025-12-24 11:07:00,2025-12-24 12:32:00,85.0,-61,1,2025-12-24
STUBAND_002,ZONE_D,Restricted Area,2025-12-26 11:27:00,2025-12-26 17:22:00,355.0,-59,1,2025-12-26
STUBAND_002,ZONE_D,Restricted Area,2025-12-27 13:37:00,2025-12-27 15:32:00,115.0,-52,1,2025-12-27
STUBAND_002,ZONE_D,Restricted Area,2025-12-29 10:44:00,2025-12-29 13:43:00,179.0,-51,1,2025-12-29
STUBAND_002,ZONE_D,Restricted Area,2025-12-30 08:01:00,2025-12-30 08:39:00,38.0,-54,1,2025-12-30
STUBAND_003,ZONE_A,Lecture Hall,2025-12-02 10:42:00,2025-12-02 13:24:00,162.0,-47,1,2025-12-02
STUBAND_003,ZONE_A,Lecture Hall,2025-12-03 12:06:00,2025-12-03 12:57:00,51.0,-50,1,2025-12-03
STUBAND_003,ZONE_A,Lecture Hall,2025-12-04 12:35:00,2025-12-04 13:57:00,82.0,-52,1,2025-12-04
STUBAND_003,ZONE_A,Lecture Hall,2025-12-08 14:55:00,2025-12-08 20:49:00,354.0,-48,1,2025-12-08
STUBAND_003,ZONE_A,Lecture Hall,2025-12-09 08:09:00,2025-12-09 11:03:00,174.0,-52,1,2025-12-09
STUBAND_003,ZONE_A,Lecture Hall,2025-12-11 10:14:00,2025-12-11 12:14:00,120.0,-60,1,2025-12-11
STUBAND_003,ZONE_A,Lecture Hall,2025-12-12 09:25:00,2025-12-12 10:20:00,55.0,-57,1,2025-12-12
STUBAND_003,ZONE_A,Lecture Hall,2025-12-13 09:01:00,2025-12-13 09:51:00,50.0,-54,1,2025-12-13
STUBAND_003,ZONE_A,Lecture Hall,2025-12-16 13:29:00,2025-12-16 14:31:00,62.0,-57,1,2025-12-16
STUBAND_003,ZONE_A,Lecture Hall,2025-12-17 16:48:00,2025-12-17 22:37:00,349.0,-46,1,2025-12-17
STUBAND_003,ZONE_A,Lecture Hall,2025-12-18 08:37:00,2025-12-18 10:33:00,116.0,-60,1,2025-12-18
STUBAND_003,ZONE_A,Lecture Hall,2025-12-20 11:17:00,2025-12-20 12:17:00,60.0,-59,1,2025-12-20
STUBAND_003,ZONE_A,Lecture Hall,2025-12-23 17:07:00,2025-12-23 20:05:00,178.0,-50,1,2025-12-23
STUBAND_003,ZONE_A,Lecture Hall,2025-12-24 12:10:00,2025-12-24 13:54:00,104.0,-53,1,2025-12-24
STUBAND_003,ZONE_A,Lecture Hall,2025-12-25 09:31:00,2025-12-25 12:21:00,170.0,-48,1,2025-12-25
STUBAND_003,ZONE_A,Lecture Hall,2025-12-27 10:17:00,2025-12-27 12:14:00,117.0,-53,1,2025-12-27
STUBAND_003,ZONE_A,Lecture Hall,2025-12-29 09:17:00,2025-12-29 11:29:00,132.0,-52,1,2025-12-29
STUBAND_003,ZONE_A,Lecture Hall,2025-12-30 10:14:00,2025-12-30 11:33:00,79.0,-57,1,2025-12-30
STUBAND_003,ZONE_B,Laboratory,2025-12-03 08:00:00,2025-12-03 10:37:00,157.0,-54,1,2025-12-03
STUBAND_003,ZONE_B,Laboratory,2025-12-04 14:04:00,2025-12-04 15:26:00,82.0,-62,1,2025-12-04
STUBAND_003,ZONE_B,Laboratory,2025-12-05 08:26:00,2025-12-05 08:51:00,25.0,-52,1,2025-12-05
STUBAND_003,ZONE_B,Laboratory,2025-12-06 09:05:00,2025-12-06 11:52:00,167.0,-58,1,2025-12-06
STUBAND_003,ZONE_B,Laboratory,2025-12-08 08:00:00,2025-12-08 09:39:00,99.0,-65,1,2025-12-08
STUBAND_003,ZONE_B,Laboratory,2025-12-09 12:24:00,2025-12-09 14:24:00,120.0,-61,1,2025-12-09
STUBAND_003,ZONE_B,Laboratory,2025-12-10 10:33:00,2025-12-10 12:31:00,118.0,-56,1,2025-12-10
STUBAND_003,ZONE_B,Laboratory,2025-12-11 14:13:00,2025-12-11 19:09:00,296.0,-59,1,2025-12-11
STUBAND_003,ZONE_B,Laboratory,2025-12-12 08:26:00,2025-12-12 09:08:00,42.0,-57,1,2025-12-12
STUBAND_003,ZONE_B,Laboratory,2025-12-16 14:59:00,2025-12-16 17:40:00,161.0,-63,1,2025-12-16
STUBAND_003,ZONE_B,Laboratory,2025-12-17 08:22:00,2025-12-17 13:43:00,321.0,-67,1,2025-12-17
STUBAND_003,ZONE_B,Laboratory,2025-12-18 08:00:00,2025-12-18 08:22:00,22.0,-63,1,2025-12-18
STUBAND_003,ZONE_B,Laboratory,2025-12-19 09:10:00,2025-12-19 11:55:00,165.0,-52,1,2025-12-19
STUBAND_003,ZONE_B,Laboratory,2025-12-23 08:28:00,2025-12-23 09:04:00,36.0,-57,1,2025-12-23
STUBAND_003,ZONE_B,Laboratory,2025-12-24 09:53:00,2025-12-24 10:53:00,60.0,-68,1,2025-12-24
STUBAND_003,ZONE_B,Laboratory,2025-12-25 08:17:00,2025-12-25 09:15:00,58.0,-53,1,2025-12-25
STUBAND_003,ZONE_B,Laboratory,2025-12-29 08:17:00,2025-12-29 09:03:00,46.0,-70,1,2025-12-29
STUBAND_003,ZONE_C,Library,2025-12-01 13:25:00,2025-12-01 15:17:00,112.0,-56,1,2025-12-01
STUBAND_003,ZONE_C,Library,2025-12-03 13:25:00,2025-12-03 15:29:00,124.0,-66,1,2025-12-03
STUBAND_003,ZONE_C,Library,2025-12-04 09:58:00,2025-12-04 12:17:00,139.0,-58,1,2025-12-04
STUBAND_003,ZONE_C,Library,2025-12-05 09:20:00,2025-12-05 10:24:00,64.0,-67,1,2025-12-05
STUBAND_003,ZONE_C,Library,2025-12-06 08:06:00,2025-12-06 08:53:00,47.0,-63,1,2025-12-06
STUBAND_003,ZONE_C,Library,2025-12-08 21:14:00,2025-12-08 23:49:00,155.0,-75,1,2025-12-08
STUBAND_003,ZONE_C,Library,2025-12-09 11:12:00,2025-12-09 12:08:00,56.0,-65,1,2025-12-09
STUBAND_003,ZONE_C,Library,2025-12-10 08:03:00,2025-12-10 10:05:00,122.0,-64,1,2025-12-10
STUBAND_003,ZONE_C,Library,2025-12-11 08:16:00,2025-12-11 09:54:00,98.0,-61,1,2025-12-11
STUBAND_003,ZONE_C,Library,2025-12-16 08:01:00,2025-12-16 13:04:00,303.0,-72,1,2025-12-16
STUBAND_003,ZONE_C,Library,2025-12-18 11:01:00,2025-12-18 13:36:00,155.0,-66,1,2025-12-18
STUBAND_003,ZONE_C,Library,2025-12-22 08:06:00,2025-12-22 11:06:00,180.0,-75,1,2025-12-22
STUBAND_003,ZONE_C,Library,2025-12-23 15:24:00,2025-12-23 16:41:00,77.0,-57,1,2025-12-23
STUBAND_003,ZONE_C,Library,2025-12-24 08:25:00,2025-12-24 09:32:00,67.0,-65,1,2025-12-24
STUBAND_003,ZONE_C,Library,2025-12-27 12:25:00,2025-12-27 13:23:00,58.0,-71,1,2025-12-27
STUBAND_003,ZONE_C,Library,2025-12-30 08:26:00,2025-12-30 08:56:00,30.0,-56,1,2025-12-30
STUBAND_003,ZONE_D,Restricted Area,2025-12-01 08:03:00,2025-12-01 13:00:00,297.0,-53,1,2025-12-01
STUBAND_003,ZONE_D,Restricted Area,2025-12-02 08:12:00,2025-12-02 10:28:00,136.0,-57,1,2025-12-02
STUBAND_003,ZONE_D,Restricted Area,2025-12-03 11:03:00,2025-12-03 11:40:00,37.0,-59,1,2025-12-03
STUBAND_003,ZONE_D,Restricted Area,2025-12-04 08:05:00,2025-12-04 09:34:00,89.0,-49,1,2025-12-04
STUBAND_003,ZONE_D,Restricted Area,2025-12-06 12:06:00,2025-12-06 17:50:00,344.0,-56,1,2025-12-06
STUBAND_003,ZONE_D,Restricted Area,2025-12-08 09:54:00,2025-12-08 14:32:00,278.0,-54,1,2025-12-08
STUBAND_003,ZONE_D,Restricted Area,2025-12-11 12:35:00,2025-12-11 13:50:00,75.0,-51,1,2025-12-11
STUBAND_003,ZONE_D,Restricted Area,2025-12-12 10:40:00,2025-12-12 11:01:00,21.0,-55,1,2025-12-12
STUBAND_003,ZONE_D,Restricted Area,2025-12-13 08:27:00,2025-12-13 08:50:00,23.0,-55,1,2025-12-13
STUBAND_003,ZONE_D,Restricted Area,2025-12-17 13:50:00,2025-12-17 16:22:00,152.0,-61,1,2025-12-17
STUBAND_003,ZONE_D,Restricted Area,2025-12-18 13:48:00,2025-12-18 14:23:00,35.0,-52,1,2025-12-18
STUBAND_003,ZONE_D,Restricted Area,2025-12-19 08:23:00,2025-12-19 08:43:00,20.0,-56,1,2025-12-19
STUBAND_003,ZONE_D,Restricted Area,2025-12-20 08:29:00,2025-12-20 11:01:00,152.0,-52,1,2025-12-20
STUBAND_003,ZONE_D,Restricted Area,2025-12-22 11:34:00,2025-12-22 13:22:00,108.0,-58,1,2025-12-22
STUBAND_003,ZONE_D,Restricted Area,2025-12-23 09:17:00,2025-12-23 15:03:00,346.0,-55,1,2025-12-23
STUBAND_003,ZONE_D,Restricted Area,2025-12-24 11:11:00,2025-12-24 11:54:00,43.0,-48,1,2025-12-24
STUBAND_003,ZONE_D,Restricted Area,2025-12-25 12:49:00,2025-12-25 15:17:00,148.0,-56,1,2025-12-25
STUBAND_003,ZONE_D,Restricted Area,2025-12-27 08:18:00,2025-12-27 09:47:00,89.0,-58,1,2025-12-27
STUBAND_003,ZONE_D,Restricted Area,2025-12-30 09:24:00,2025-12-30 10:03:00,39.0,-63,1,2025-12-30
STUBAND_004,ZONE_A,Lecture Hall,2025-12-01 08:07:00,2025-12-01 09:26:00,79.0,-51,1,2025-12-01
STUBAND_004,ZONE_A,Lecture Hall,2025-12-03 09:49:00,2025-12-03 10:09:00,20.0,-51,1,2025-12-03
STUBAND_004,ZONE_A,Lecture Hall,2025-12-04 10:08:00,2025-12-04 11:38:00,90.0,-52,1,2025-12-04
STUBAND_004,ZONE_A,Lecture Hall,2025-12-05 10:56:00,2025-12-05 11:42:00,46.0,-47,1,2025-12-05
STUBAND_004,ZONE_A,Lecture Hall,2025-12-06 08:24:00,2025-12-06 10:14:00,110.0,-53,1,2025-12-06
STUBAND_004,ZONE_A,Lecture Hall,2025-12-08 11:18:00,2025-12-08 12:17:00,59.0,-58,1,2025-12-08
STUBAND_004,ZONE_A,Lecture Hall,2025-12-11 10:12:00,2025-12-11 15:43:00,331.0,-48,1,2025-12-11
STUBAND_004,ZONE_A,Lecture Hall,2025-12-13 12:06:00,2025-12-13 14:33:00,147.0,-52,1,2025-12-13
STUBAND_004,ZONE_A,Lecture Hall,2025-12-15 08:24:00,2025-12-15 10:00:00,96.0,-48,1,2025-12-15
STUBAND_004,ZONE_A,Lecture Hall,2025-12-16 08:20:00,2025-12-16 11:17:00,177.0,-47,1,2025-12-16
STUBAND_004,ZONE_A,Lecture Hall,2025-12-17 09:01:00,2025-12-17 09:55:00,54.0,-51,1,2025-12-17
STUBAND_004,ZONE_A,Lecture Hall,2025-12-18 08:28:00,2025-12-18 10:23:00,115.0,-47,1,2025-12-18
STUBAND_004,ZONE_A,Lecture Hall,2025-12-19 10:47:00,2025-12-19 12:32:00,105.0,-58,1,2025-12-19
STUBAND_004,ZONE_A,Lecture Hall,2025-12-20 08:06:00,2025-12-20 12:32:00,266.0,-53,1,2025-12-20
STUBAND_004,ZONE_A,Lecture Hall,2025-12-23 13:46:00,2025-12-23 19:08:00,322.0,-55,1,2025-12-23
STUBAND_004,ZONE_A,Lecture Hall,2025-12-26 13:28:00,2025-12-26 16:11:00,163.0,-45,1,2025-12-26
STUBAND_004,ZONE_B,Laboratory,2025-12-02 08:06:00,2025-12-02 10:44:00,158.0,-69,1,2025-12-02
STUBAND_004,ZONE_B,Laboratory,2025-12-03 08:21:00,2025-12-03 09:25:00,64.0,-58,1,2025-12-03
STUBAND_004,ZONE_B,Laboratory,2025-12-04 08:27:00,2025-12-04 09:53:00,86.0,-64,1,2025-12-04
STUBAND_004,ZONE_B,Laboratory,2025-12-05 11:52:00,2025-12-05 14:18:00,146.0,-60,1,2025-12-05
STUBAND_004,ZONE_B,Laboratory,2025-12-06 12:16:00,2025-12-06 15:16:00,180.0,-66,1,2025-12-06
STUBAND_004,ZONE_B,Laboratory,2025-12-08 12:27:00,2025-12-08 16:57:00,270.0,-51,1,2025-12-08
STUBAND_004,ZONE_B,Laboratory,2025-12-10 08:25:00,2025-12-10 09:31:00,66.0,-68,1,2025-12-10
STUBAND_004,ZONE_B,Laboratory,2025-12-11 08:13:00,2025-12-11 10:06:00,113.0,-59,1,2025-12-11
STUBAND_004,ZONE_B,Laboratory,2025-12-12 14:17:00,2025-12-12 18:52:00,275.0,-63,1,2025-12-12
STUBAND_004,ZONE_B,Laboratory,2025-12-13 08:12:00,2025-12-13 09:44:00,92.0,-63,1,2025-12-13
STUBAND_004,ZONE_B,Laboratory,2025-12-16 11:28:00,2025-12-16 13:27:00,119.0,-56,1,2025-12-16
STUBAND_004,ZONE_B,Laboratory,2025-12-17 08:07:00,2025-12-17 08:53:00,46.0,-58,1,2025-12-17
STUBAND_004,ZONE_B,Laboratory,2025-12-19 08:29:00,2025-12-19 09:08:00,39.0,-55,1,2025-12-19
STUBAND_004,ZONE_B,Laboratory,2025-12-20 15:27:00,2025-12-20 16:18:00,51.0,-58,1,2025-12-20
STUBAND_004,ZONE_B,Laboratory,2025-12-23 08:04:00,2025-12-23 11:00:00,176.0,-53,1,2025-12-23
STUBAND_004,ZONE_B,Laboratory,2025-12-26 09:41:00,2025-12-26 11:34:00,113.0,-53,1,2025-12-26
STUBAND_004,ZONE_B,Laboratory,2025-12-27 08:04:00,2025-12-27 09:40:00,96.0,-60,1,2025-12-27
STUBAND_004,ZONE_B,Laboratory,2025-12-30 08:20:00,2025-12-30 11:02:00,162.0,-65,1,2025-12-30
STUBAND_004,ZONE_C,Library,2025-12-01 09:34:00,2025-12-01 11:27:00,113.0,-63,1,2025-12-01
STUBAND_004,ZONE_C,Library,2025-12-04 12:00:00,2025-12-04 13:08:00,68.0,-75,1,2025-12-04
STUBAND_004,ZONE_C,Library,2025-12-05 08:20:00,2025-12-05 10:40:00,140.0,-60,1,2025-12-05
STUBAND_004,ZONE_C,Library,2025-12-06 10:26:00,2025-12-06 11:50:00,84.0,-55,1,2025-12-06
STUBAND_004,ZONE_C,Library,2025-12-08 08:09:00,2025-12-08 10:54:00,165.0,-65,1,2025-12-08
STUBAND_004,ZONE_C,Library,2025-12-09 08:12:00,2025-12-09 09:04:00,52.0,-55,1,2025-12-09
STUBAND_004,ZONE_C,Library,2025-12-10 09:53:00,2025-12-10 10:33:00,40.0,-66,1,2025-12-10
STUBAND_004,ZONE_C,Library,2025-12-11 15:54:00,2025-12-11 16:32:00,38.0,-64,1,2025-12-11
STUBAND_004,ZONE_C,Library,2025-12-12 08:18:00,2025-12-12 14:01:00,343.0,-57,1,2025-12-12
STUBAND_004,ZONE_C,Library,2025-12-13 10:01:00,2025-12-13 11:52:00,111.0,-61,1,2025-12-13
STUBAND_004,ZONE_C,Library,2025-12-15 10:10:00,2025-12-15 12:48:00,158.0,-63,1,2025-12-15
STUBAND_004,ZONE_C,Library,2025-12-19 09:20:00,2025-12-19 10:22:00,62.0,-64,1,2025-12-19
STUBAND_004,ZONE_C,Library,2025-12-20 12:48:00,2025-12-20 15:06:00,138.0,-69,1,2025-12-20
STUBAND_004,ZONE_C,Library,2025-12-23 11:06:00,2025-12-23 13:26:00,140.0,-70,1,2025-12-23
STUBAND_004,ZONE_C,Library,2025-12-24 08:26:00,2025-12-24 11:23:00,177.0,-64,1,2025-12-24
STUBAND_004,ZONE_C,Library,2025-12-26 08:04:00,2025-12-26 09:28:00,84.0,-62,1,2025-12-26
STUBAND_004,ZONE_C,Library,2025-12-30 11:20:00,2025-12-30 14:07:00,167.0,-72,1,2025-12-30
STUBAND_004,ZONE_D,Restricted Area,2025-12-26 11:58:00,2025-12-26 13:10:00,72.0,-57,0,2025-12-26
STUBAND_005,ZONE_A,Lecture Hall,2025-12-02 13:09:00,2025-12-02 15:54:00,165.0,-57,1,2025-12-02
STUBAND_005,ZONE_A,Lecture Hall,2025-12-03 13:03:00,2025-12-03 14:20:00,77.0,-53,1,2025-12-03
STUBAND_005,ZONE_A,Lecture Hall,2025-12-04 08:53:00,2025-12-04 10:15:00,82.0,-51,1,2025-12-04
STUBAND_005,ZONE_A,Lecture Hall,2025-12-05 08:10:00,2025-12-05 10:13:00,123.0,-52,1,2025-12-05
STUBAND_005,ZONE_A,Lecture Hall,2025-12-06 10:45:00,2025-12-06 12:14:00,89.0,-49,1,2025-12-06
STUBAND_005,ZONE_A,Lecture Hall,2025-12-09 10:40:00,2025-12-09 11:39:00,59.0,-53,1,2025-12-09
STUBAND_005,ZONE_A,Lecture Hall,2025-12-11 10:11:00,2025-12-11 12:13:00,122.0,-54,1,2025-12-11
STUBAND_005,ZONE_A,Lecture Hall,2025-12-12 09:25:00,2025-12-12 12:05:00,160.0,-49,1,2025-12-12
STUBAND_005,ZONE_A,Lecture Hall,2025-12-15 12:04:00,2025-12-15 16:58:00,294.0,-50,1,2025-12-15
STUBAND_005,ZONE_A,Lecture Hall,2025-12-17 08:18:00,2025-12-17 09:20:00,62.0,-60,1,2025-12-17
STUBAND_005,ZONE_A,Lecture Hall,2025-12-18 08:21:00,2025-12-18 10:21:00,120.0,-52,1,2025-12-18
STUBAND_005,ZONE_A,Lecture Hall,2025-12-22 11:06:00,2025-12-22 12:00:00,54.0,-50,1,2025-12-22
STUBAND_005,ZONE_A,Lecture Hall,2025-12-23 08:17:00,2025-12-23 09:37:00,80.0,-48,1,2025-12-23
STUBAND_005,ZONE_A,Lecture Hall,2025-12-27 08:01:00,2025-12-27 10:22:00,141.0,-54,1,2025-12-27
STUBAND_005,ZONE_A,Lecture Hall,2025-12-30 08:17:00,2025-12-30 11:10:00,173.0,-55,1,2025-12-30
STUBAND_005,ZONE_B,Laboratory,2025-12-02 08:02:00,2025-12-02 12:52:00,290.0,-51,1,2025-12-02
STUBAND_005,ZONE_B,Laboratory,2025-12-03 09:50:00,2025-12-03 12:48:00,178.0,-68,1,2025-12-03
STUBAND_005,ZONE_B,Laboratory,2025-12-05 10:34:00,2025-12-05 13:12:00,158.0,-70,1,2025-12-05
STUBAND_005,ZONE_B,Laboratory,2025-12-06 12:24:00,2025-12-06 14:47:00,143.0,-62,1,2025-12-06
STUBAND_005,ZONE_B,Laboratory,2025-12-08 10:31:00,2025-12-08 13:22:00,171.0,-61,1,2025-12-08
STUBAND_005,ZONE_B,Laboratory,2025-12-09 11:46:00,2025-12-09 12:31:00,45.0,-61,1,2025-12-09
STUBAND_005,ZONE_B,Laboratory,2025-12-10 10:19:00,2025-12-10 10:53:00,34.0,-57,1,2025-12-10
STUBAND_005,ZONE_B,Laboratory,2025-12-11 12:34:00,2025-12-11 17:11:00,277.0,-69,1,2025-12-11
STUBAND_005,ZONE_B,Laboratory,2025-12-12 12:25:00,2025-12-12 13:40:00,75.0,-53,1,2025-12-12
STUBAND_005,ZONE_B,Laboratory,2025-12-15 08:01:00,2025-12-15 08:40:00,39.0,-67,1,2025-12-15
STUBAND_005,ZONE_B,Laboratory,2025-12-18 12:29:00,2025-12-18 13:23:00,54.0,-68,1,2025-12-18
STUBAND_005,ZONE_B,Laboratory,2025-12-22 12:15:00,2025-12-22 14:18:00,123.0,-64,1,2025-12-22
STUBAND_005,ZONE_B,Laboratory,2025-12-24 11:35:00,2025-12-24 17:01:00,326.0,-61,1,2025-12-24
STUBAND_005,ZONE_B,Laboratory,2025-12-25 08:21:00,2025-12-25 09:16:00,55.0,-65,1,2025-12-25
STUBAND_005,ZONE_B,Laboratory,2025-12-26 09:41:00,2025-12-26 12:11:00,150.0,-65,1,2025-12-26
STUBAND_005,ZONE_B,Laboratory,2025-12-27 10:47:00,2025-12-27 12:32:00,105.0,-67,1,2025-12-27
STUBAND_005,ZONE_B,Laboratory,2025-12-30 14:24:00,2025-12-30 16:34:00,130.0,-59,1,2025-12-30
STUBAND_005,ZONE_C,Library,2025-12-01 08:29:00,2025-12-01 14:10:00,341.0,-55,1,2025-12-01
STUBAND_005,ZONE_C,Library,2025-12-02 16:06:00,2025-12-02 19:04:00,178.0,-57,1,2025-12-02
STUBAND_005,ZONE_C,Library,2025-12-03 08:21:00,2025-12-03 09:24:00,63.0,-69,1,2025-12-03
STUBAND_005,ZONE_C,Library,2025-12-04 08:22:00,2025-12-04 08:46:00,24.0,-60,1,2025-12-04
STUBAND_005,ZONE_C,Library,2025-12-06 08:29:00,2025-12-06 10:35:00,126.0,-66,1,2025-12-06
STUBAND_005,ZONE_C,Library,2025-12-08 08:13:00,2025-12-08 10:23:00,130.0,-59,1,2025-12-08
STUBAND_005,ZONE_C,Library,2025-12-09 08:05:00,2025-12-09 10:29:00,144.0,-69,1,2025-12-09
STUBAND_005,ZONE_C,Library,2025-12-10 08:05:00,2025-12-10 09:55:00,110.0,-74,1,2025-12-10
STUBAND_005,ZONE_C,Library,2025-12-11 08:03:00,2025-12-11 09:49:00,106.0,-63,1,2025-12-11
STUBAND_005,ZONE_C,Library,2025-12-12 08:11:00,2025-12-12 09:05:00,54.0,-56,1,2025-12-12
STUBAND_005,ZONE_C,Library,2025-12-15 08:55:00,2025-12-15 11:47:00,172.0,-56,1,2025-12-15
STUBAND_005,ZONE_C,Library,2025-12-16 08:25:00,2025-12-16 11:02:00,157.0,-73,1,2025-12-16
STUBAND_005,ZONE_C,Library,2025-12-17 09:39:00,2025-12-17 12:39:00,180.0,-64,1,2025-12-17
STUBAND_005,ZONE_C,Library,2025-12-18 10:48:00,2025-12-18 12:17:00,89.0,-65,1,2025-12-18
STUBAND_005,ZONE_C,Library,2025-12-22 08:09:00,2025-12-22 10:42:00,153.0,-66,1,2025-12-22
STUBAND_005,ZONE_C,Library,2025-12-23 09:44:00,2025-12-23 12:30:00,166.0,-61,1,2025-12-23
STUBAND_005,ZONE_C,Library,2025-12-24 08:29:00,2025-12-24 11:07:00,158.0,-72,1,2025-12-24
STUBAND_005,ZONE_C,Library,2025-12-25 09:35:00,2025-12-25 12:19:00,164.0,-70,1,2025-12-25
STUBAND_005,ZONE_C,Library,2025-12-26 08:23:00,2025-12-26 09:13:00,50.0,-71,1,2025-12-26
STUBAND_005,ZONE_C,Library,2025-12-27 12:45:00,2025-12-27 14:10:00,85.0,-58,1,2025-12-27
STUBAND_005,ZONE_C,Library,2025-12-30 11:29:00,2025-12-30 14:09:00,160.0,-64,1,2025-12-30
STUBAND_006,ZONE_A,Lecture Hall,2025-12-01 09:07:00,2025-12-01 10:21:00,74.0,-48,1,2025-12-01
STUBAND_006,ZONE_A,Lecture Hall,2025-12-02 10:02:00,2025-12-02 10:40:00,38.0,-50,1,2025-12-02
STUBAND_006,ZONE_A,Lecture Hall,2025-12-03 08:15:00,2025-12-03 11:02:00,167.0,-58,1,2025-12-03
STUBAND_006,ZONE_A,Lecture Hall,2025-12-05 14:03:00,2025-12-05 15:42:00,99.0,-53,1,2025-12-05
STUBAND_006,ZONE_A,Lecture Hall,2025-12-06 08:04:00,2025-12-06 10:05:00,121.0,-53,1,2025-12-06
STUBAND_006,ZONE_A,Lecture Hall,2025-12-08 08:19:00,2025-12-08 13:17:00,298.0,-59,1,2025-12-08
STUBAND_006,ZONE_A,Lecture Hall,2025-12-10 11:51:00,2025-12-10 13:44:00,113.0,-58,1,2025-12-10
STUBAND_006,ZONE_A,Lecture Hall,2025-12-11 08:10:00,2025-12-11 10:39:00,149.0,-51,1,2025-12-11
STUBAND_006,ZONE_A,Lecture Hall,2025-12-12 08:02:00,2025-12-12 13:32:00,330.0,-57,1,2025-12-12
STUBAND_006,ZONE_A,Lecture Hall,2025-12-13 13:26:00,2025-12-13 18:56:00,330.0,-56,1,2025-12-13
STUBAND_006,ZONE_A,Lecture Hall,2025-12-15 08:02:00,2025-12-15 09:01:00,59.0,-58,1,2025-12-15
STUBAND_006,ZONE_A,Lecture Hall,2025-12-17 08:28:00,2025-12-17 10:26:00,118.0,-57,1,2025-12-17
STUBAND_006,ZONE_A,Lecture Hall,2025-12-18 10:17:00,2025-12-18 11:30:00,73.0,-49,1,2025-12-18
STUBAND_006,ZONE_A,Lecture Hall,2025-12-19 08:23:00,2025-12-19 13:39:00,316.0,-60,1,2025-12-19
STUBAND_006,ZONE_A,Lecture Hall,2025-12-20 08:11:00,2025-12-20 08:54:00,43.0,-52,1,2025-12-20
STUBAND_006,ZONE_A,Lecture Hall,2025-12-22 08:49:00,2025-12-22 11:48:00,179.0,-52,1,2025-12-22
STUBAND_006,ZONE_A,Lecture Hall,2025-12-24 09:59:00,2025-12-24 11:12:00,73.0,-60,1,2025-12-24
STUBAND_006,ZONE_A,Lecture Hall,2025-12-26 08:25:00,2025-12-26 10:45:00,140.0,-58,1,2025-12-26
STUBAND_006,ZONE_B,Laboratory,2025-12-02 10:45:00,2025-12-02 13:29:00,164.0,-56,1,2025-12-02
STUBAND_006,ZONE_B,Laboratory,2025-12-04 09:49:00,2025-12-04 11:29:00,100.0,-67,1,2025-12-04
STUBAND_006,ZONE_B,Laboratory,2025-12-05 10:38:00,2025-12-05 13:33:00,175.0,-70,1,2025-12-05
STUBAND_006,ZONE_B,Laboratory,2025-12-06 10:35:00,2025-12-06 12:36:00,121.0,-53,1,2025-12-06
STUBAND_006,ZONE_B,Laboratory,2025-12-08 13:28:00,2025-12-08 13:49:00,21.0,-61,1,2025-12-08
STUBAND_006,ZONE_B,Laboratory,2025-12-12 15:01:00,2025-12-12 17:14:00,133.0,-60,1,2025-12-12
STUBAND_006,ZONE_B,Laboratory,2025-12-13 19:19:00,2025-12-13 20:54:00,95.0,-52,1,2025-12-13
STUBAND_006,ZONE_B,Laboratory,2025-12-15 09:18:00,2025-12-15 11:17:00,119.0,-50,1,2025-12-15
STUBAND_006,ZONE_B,Laboratory,2025-12-16 10:28:00,2025-12-16 12:04:00,96.0,-51,1,2025-12-16
STUBAND_006,ZONE_B,Laboratory,2025-12-18 08:05:00,2025-12-18 10:09:00,124.0,-56,1,2025-12-18
STUBAND_006,ZONE_B,Laboratory,2025-12-19 14:07:00,2025-12-19 16:12:00,125.0,-57,1,2025-12-19
STUBAND_006,ZONE_B,Laboratory,2025-12-20 09:08:00,2025-12-20 10:09:00,61.0,-70,1,2025-12-20
STUBAND_006,ZONE_B,Laboratory,2025-12-22 08:03:00,2025-12-22 08:32:00,29.0,-59,1,2025-12-22
STUBAND_006,ZONE_B,Laboratory,2025-12-24 08:28:00,2025-12-24 09:30:00,62.0,-68,1,2025-12-24
STUBAND_006,ZONE_B,Laboratory,2025-12-25 08:01:00,2025-12-25 13:08:00,307.0,-63,1,2025-12-25
STUBAND_006,ZONE_B,Laboratory,2025-12-26 11:09:00,2025-12-26 11:49:00,40.0,-62,1,2025-12-26
STUBAND_006,ZONE_B,Laboratory,2025-12-30 08:24:00,2025-12-30 09:49:00,85.0,-53,1,2025-12-30
STUBAND_006,ZONE_C,Library,2025-12-01 08:21:00,2025-12-01 08:55:00,34.0,-65,1,2025-12-01
STUBAND_006,ZONE_C,Library,2025-12-02 08:07:00,2025-12-02 09:43:00,96.0,-67,1,2025-12-02
STUBAND_006,ZONE_C,Library,2025-12-04 08:13:00,2025-12-04 09:37:00,84.0,-61,1,2025-12-04
STUBAND_006,ZONE_C,Library,2025-12-05 08:06:00,2025-12-05 10:30:00,144.0,-66,1,2025-12-05
STUBAND_006,ZONE_C,Library,2025-12-09 08:04:00,2025-12-09 09:05:00,61.0,-56,1,2025-12-09
STUBAND_006,ZONE_C,Library,2025-12-10 08:30:00,2025-12-10 11:25:00,175.0,-75,1,2025-12-10
STUBAND_006,ZONE_C,Library,2025-12-11 11:00:00,2025-12-11 13:44:00,164.0,-58,1,2025-12-11
STUBAND_006,ZONE_C,Library,2025-12-12 13:53:00,2025-12-12 14:51:00,58.0,-69,1,2025-12-12
STUBAND_006,ZONE_C,Library,2025-12-13 08:10:00,2025-12-13 12:58:00,288.0,-62,1,2025-12-13
STUBAND_006,ZONE_C,Library,2025-12-16 08:19:00,2025-12-16 10:09:00,110.0,-57,1,2025-12-16
STUBAND_006,ZONE_C,Library,2025-12-17 10:42:00,2025-12-17 11:37:00,55.0,-62,1,2025-12-17
STUBAND_006,ZONE_C,Library,2025-12-19 16:32:00,2025-12-19 18:28:00,116.0,-63,1,2025-12-19
STUBAND_006,ZONE_C,Library,2025-12-20 10:32:00,2025-12-20 11:49:00,77.0,-69,1,2025-12-20
STUBAND_006,ZONE_C,Library,2025-12-22 11:54:00,2025-12-22 12:41:00,47.0,-56,1,2025-12-22
STUBAND_006,ZONE_C,Library,2025-12-23 08:20:00,2025-12-23 13:50:00,330.0,-62,1,2025-12-23
STUBAND_006,ZONE_C,Library,2025-12-24 11:38:00,2025-12-24 13:46:00,128.0,-55,1,2025-12-24
STUBAND_006,ZONE_C,Library,2025-12-26 12:13:00,2025-12-26 14:15:00,122.0,-74,1,2025-12-26
STUBAND_007,ZONE_A,Lecture Hall,2025-12-03 08:05:00,2025-12-03 12:56:00,291.0,-46,1,2025-12-03
STUBAND_007,ZONE_A,Lecture Hall,2025-12-04 11:06:00,2025-12-04 12:15:00,69.0,-51,1,2025-12-04
STUBAND_007,ZONE_A,Lecture Hall,2025-12-06 14:26:00,2025-12-06 14:57:00,31.0,-47,1,2025-12-06
STUBAND_007,ZONE_A,Lecture Hall,2025-12-10 08:30:00,2025-12-10 09:09:00,39.0,-49,1,2025-12-10
STUBAND_007,ZONE_A,Lecture Hall,2025-12-12 08:16:00,2025-12-12 09:54:00,98.0,-59,1,2025-12-12
STUBAND_007,ZONE_A,Lecture Hall,2025-12-15 08:14:00,2025-12-15 09:00:00,46.0,-49,1,2025-12-15
STUBAND_007,ZONE_A,Lecture Hall,2025-12-16 09:26:00,2025-12-16 11:34:00,128.0,-56,1,2025-12-16
STUBAND_007,ZONE_A,Lecture Hall,2025-12-18 08:25:00,2025-12-18 11:19:00,174.0,-51,1,2025-12-18
STUBAND_007,ZONE_A,Lecture Hall,2025-12-19 10:19:00,2025-12-19 15:00:00,281.0,-57,1,2025-12-19
STUBAND_007,ZONE_A,Lecture Hall,2025-12-20 09:45:00,2025-12-20 11:15:00,90.0,-51,1,2025-12-20
STUBAND_007,ZONE_A,Lecture Hall,2025-12-23 09:15:00,2025-12-23 11:08:00,113.0,-45,1,2025-12-23
STUBAND_007,ZONE_A,Lecture Hall,2025-12-24 08:43:00,2025-12-24 11:30:00,167.0,-52,1,2025-12-24
STUBAND_007,ZONE_A,Lecture Hall,2025-12-26 08:14:00,2025-12-26 10:46:00,152.0,-60,1,2025-12-26
STUBAND_007,ZONE_A,Lecture Hall,2025-12-30 08:28:00,2025-12-30 13:16:00,288.0,-51,1,2025-12-30
STUBAND_007,ZONE_B,Laboratory,2025-12-01 08:12:00,2025-12-01 09:39:00,87.0,-50,1,2025-12-01
STUBAND_007,ZONE_B,Laboratory,2025-12-03 13:04:00,2025-12-03 15:47:00,163.0,-56,1,2025-12-03
STUBAND_007,ZONE_B,Laboratory,2025-12-04 08:08:00,2025-12-04 10:42:00,154.0,-52,1,2025-12-04
STUBAND_007,ZONE_B,Laboratory,2025-12-06 12:24:00,2025-12-06 14:01:00,97.0,-56,1,2025-12-06
STUBAND_007,ZONE_B,Laboratory,2025-12-08 08:17:00,2025-12-08 10:07:00,110.0,-63,1,2025-12-08
STUBAND_007,ZONE_B,Laboratory,2025-12-10 11:48:00,2025-12-10 16:31:00,283.0,-67,1,2025-12-10
STUBAND_007,ZONE_B,Laboratory,2025-12-11 11:24:00,2025-12-11 16:44:00,320.0,-50,1,2025-12-11
STUBAND_007,ZONE_B,Laboratory,2025-12-12 10:22:00,2025-12-12 10:42:00,20.0,-70,1,2025-12-12
STUBAND_007,ZONE_B,Laboratory,2025-12-15 09:09:00,2025-12-15 11:23:00,134.0,-68,1,2025-12-15
STUBAND_007,ZONE_B,Laboratory,2025-12-16 08:09:00,2025-12-16 09:05:00,56.0,-67,1,2025-12-16
STUBAND_007,ZONE_B,Laboratory,2025-12-17 08:19:00,2025-12-17 09:51:00,92.0,-51,1,2025-12-17
STUBAND_007,ZONE_B,Laboratory,2025-12-19 08:25:00,2025-12-19 10:06:00,101.0,-69,1,2025-12-19
STUBAND_007,ZONE_B,Laboratory,2025-12-20 11:33:00,2025-12-20 13:50:00,137.0,-58,1,2025-12-20
STUBAND_007,ZONE_B,Laboratory,2025-12-23 11:35:00,2025-12-23 12:51:00,76.0,-56,1,2025-12-23
STUBAND_007,ZONE_B,Laboratory,2025-12-24 11:42:00,2025-12-24 13:57:00,135.0,-62,1,2025-12-24
STUBAND_007,ZONE_B,Laboratory,2025-12-26 11:00:00,2025-12-26 12:19:00,79.0,-51,1,2025-12-26
STUBAND_007,ZONE_B,Laboratory,2025-12-29 09:17:00,2025-12-29 09:55:00,38.0,-62,1,2025-12-29
STUBAND_007,ZONE_B,Laboratory,2025-12-30 13:27:00,2025-12-30 19:15:00,348.0,-60,1,2025-12-30
STUBAND_007,ZONE_C,Library,2025-12-01 09:48:00,2025-12-01 12:25:00,157.0,-68,1,2025-12-01
STUBAND_007,ZONE_C,Library,2025-12-03 16:11:00,2025-12-03 18:24:00,133.0,-65,1,2025-12-03
STUBAND_007,ZONE_C,Library,2025-12-04 12:29:00,2025-12-04 14:06:00,97.0,-68,1,2025-12-04
STUBAND_007,ZONE_C,Library,2025-12-06 08:03:00,2025-12-06 11:01:00,178.0,-68,1,2025-12-06
STUBAND_007,ZONE_C,Library,2025-12-10 09:32:00,2025-12-10 11:33:00,121.0,-71,1,2025-12-10
STUBAND_007,ZONE_C,Library,2025-12-11 08:21:00,2025-12-11 11:10:00,169.0,-72,1,2025-12-11
STUBAND_007,ZONE_C,Library,2025-12-12 11:10:00,2025-12-12 11:41:00,31.0,-69,1,2025-12-12
STUBAND_007,ZONE_C,Library,2025-12-13 08:26:00,2025-12-13 10:12:00,106.0,-55,1,2025-12-13
STUBAND_007,ZONE_C,Library,2025-12-16 11:44:00,2025-12-16 12:48:00,64.0,-60,1,2025-12-16
STUBAND_007,ZONE_C,Library,2025-12-17 10:20:00,2025-12-17 11:57:00,97.0,-75,1,2025-12-17
STUBAND_007,ZONE_C,Library,2025-12-18 11:25:00,2025-12-18 12:48:00,83.0,-65,1,2025-12-18
STUBAND_007,ZONE_C,Library,2025-12-19 15:17:00,2025-12-19 16:00:00,43.0,-58,1,2025-12-19
STUBAND_007,ZONE_C,Library,2025-12-20 08:15:00,2025-12-20 09:32:00,77.0,-56,1,2025-12-20
STUBAND_007,ZONE_C,Library,2025-12-23 08:30:00,2025-12-23 09:03:00,33.0,-65,1,2025-12-23
STUBAND_007,ZONE_C,Library,2025-12-24 08:00:00,2025-12-24 08:33:00,33.0,-74,1,2025-12-24
STUBAND_007,ZONE_C,Library,2025-12-29 08:14:00,2025-12-29 09:11:00,57.0,-74,1,2025-12-29
STUBAND_007,ZONE_C,Library,2025-12-30 19:28:00,2025-12-30 20:27:00,59.0,-57,1,2025-12-30
STUBAND_007,ZONE_D,Restricted Area,2025-12-06 11:23:00,2025-12-06 11:59:00,36.0,-55,0,2025-12-06
STUBAND_008,ZONE_A,Lecture Hall,2025-12-02 09:47:00,2025-12-02 12:28:00,161.0,-60,1,2025-12-02
STUBAND_008,ZONE_A,Lecture Hall,2025-12-03 11:56:00,2025-12-03 16:52:00,296.0,-46,1,2025-12-03
STUBAND_008,ZONE_A,Lecture Hall,2025-12-05 08:30:00,2025-12-05 09:29:00,59.0,-57,1,2025-12-05
STUBAND_008,ZONE_A,Lecture Hall,2025-12-06 08:28:00,2025-12-06 10:22:00,114.0,-56,1,2025-12-06
STUBAND_008,ZONE_A,Lecture Hall,2025-12-09 13:25:00,2025-12-09 15:53:00,148.0,-51,1,2025-12-09
STUBAND_008,ZONE_A,Lecture Hall,2025-12-10 08:06:00,2025-12-10 10:31:00,145.0,-51,1,2025-12-10
STUBAND_008,ZONE_A,Lecture Hall,2025-12-11 13:00:00,2025-12-11 15:12:00,132.0,-57,1,2025-12-11
STUBAND_008,ZONE_A,Lecture Hall,2025-12-12 08:29:00,2025-12-12 13:41:00,312.0,-45,1,2025-12-12
STUBAND_008,ZONE_A,Lecture Hall,2025-12-13 11:26:00,2025-12-13 12:05:00,39.0,-59,1,2025-12-13
STUBAND_008,ZONE_A,Lecture Hall,2025-12-15 08:11:00,2025-12-15 09:54:00,103.0,-58,1,2025-12-15
STUBAND_008,ZONE_A,Lecture Hall,2025-12-16 10:22:00,2025-12-16 12:20:00,118.0,-45,1,2025-12-16
STUBAND_008,ZONE_A,Lecture Hall,2025-12-17 12:53:00,2025-12-17 14:34:00,101.0,-60,1,2025-12-17
STUBAND_008,ZONE_A,Lecture Hall,2025-12-19 09:30:00,2025-12-19 11:34:00,124.0,-54,1,2025-12-19
STUBAND_008,ZONE_A,Lecture Hall,2025-12-20 12:03:00,2025-12-20 13:49:00,106.0,-57,1,2025-12-20
STUBAND_008,ZONE_A,Lecture Hall,2025-12-23 12:24:00,2025-12-23 13:32:00,68.0,-46,1,2025-12-23
STUBAND_008,ZONE_A,Lecture Hall,2025-12-24 08:17:00,2025-12-24 11:15:00,178.0,-60,1,2025-12-24
STUBAND_008,ZONE_A,Lecture Hall,2025-12-26 09:15:00,2025-12-26 11:16:00,121.0,-48,1,2025-12-26
STUBAND_008,ZONE_A,Lecture Hall,2025-12-27 13:25:00,2025-12-27 14:22:00,57.0,-51,1,2025-12-27
STUBAND_008,ZONE_A,Lecture Hall,2025-12-29 08:24:00,2025-12-29 08:52:00,28.0,-46,1,2025-12-29
STUBAND_008,ZONE_B,Laboratory,2025-12-01 08:15:00,2025-12-01 09:03:00,48.0,-68,1,2025-12-01
STUBAND_008,ZONE_B,Laboratory,2025-12-02 08:28:00,2025-12-02 09:28:00,60.0,-63,1,2025-12-02
STUBAND_008,ZONE_B,Laboratory,2025-12-03 10:22:00,2025-12-03 11:43:00,81.0,-54,1,2025-12-03
STUBAND_008,ZONE_B,Laboratory,2025-12-05 09:49:00,2025-12-05 11:18:00,89.0,-61,1,2025-12-05
STUBAND_008,ZONE_B,Laboratory,2025-12-09 08:07:00,2025-12-09 10:27:00,140.0,-53,1,2025-12-09
STUBAND_008,ZONE_B,Laboratory,2025-12-10 10:42:00,2025-12-10 11:20:00,38.0,-67,1,2025-12-10
STUBAND_008,ZONE_B,Laboratory,2025-12-11 08:05:00,2025-12-11 11:03:00,178.0,-54,1,2025-12-11
STUBAND_008,ZONE_B,Laboratory,2025-12-13 08:23:00,2025-12-13 11:01:00,158.0,-53,1,2025-12-13
STUBAND_008,ZONE_B,Laboratory,2025-12-16 08:26:00,2025-12-16 10:17:00,111.0,-56,1,2025-12-16
STUBAND_008,ZONE_B,Laboratory,2025-12-17 08:20:00,2025-12-17 09:41:00,81.0,-69,1,2025-12-17
STUBAND_008,ZONE_B,Laboratory,2025-12-18 13:56:00,2025-12-18 15:19:00,83.0,-53,1,2025-12-18
STUBAND_008,ZONE_B,Laboratory,2025-12-19 12:01:00,2025-12-19 14:39:00,158.0,-53,1,2025-12-19
STUBAND_008,ZONE_B,Laboratory,2025-12-22 08:58:00,2025-12-22 11:31:00,153.0,-57,1,2025-12-22
STUBAND_008,ZONE_B,Laboratory,2025-12-23 10:13:00,2025-12-23 12:13:00,120.0,-64,1,2025-12-23
STUBAND_008,ZONE_B,Laboratory,2025-12-24 11:22:00,2025-12-24 15:51:00,269.0,-52,1,2025-12-24
STUBAND_008,ZONE_B,Laboratory,2025-12-25 08:28:00,2025-12-25 11:01:00,153.0,-50,1,2025-12-25
STUBAND_008,ZONE_B,Laboratory,2025-12-27 08:11:00,2025-12-27 10:35:00,144.0,-60,1,2025-12-27
STUBAND_008,ZONE_C,Library,2025-12-01 09:12:00,2025-12-01 11:20:00,128.0,-55,1,2025-12-01
STUBAND_008,ZONE_C,Library,2025-12-03 08:23:00,2025-12-03 09:53:00,90.0,-68,1,2025-12-03
STUBAND_008,ZONE_C,Library,2025-12-06 10:48:00,2025-12-06 11:33:00,45.0,-71,1,2025-12-06
STUBAND_008,ZONE_C,Library,2025-12-09 10:38:00,2025-12-09 12:56:00,138.0,-57,1,2025-12-09
STUBAND_008,ZONE_C,Library,2025-12-10 11:39:00,2025-12-10 13:52:00,133.0,-70,1,2025-12-10
STUBAND_008,ZONE_C,Library,2025-12-11 11:32:00,2025-12-11 12:54:00,82.0,-63,1,2025-12-11
STUBAND_008,ZONE_C,Library,2025-12-15 10:11:00,2025-12-15 12:54:00,163.0,-63,1,2025-12-15
STUBAND_008,ZONE_C,Library,2025-12-17 10:01:00,2025-12-17 12:28:00,147.0,-63,1,2025-12-17
STUBAND_008,ZONE_C,Library,2025-12-18 08:26:00,2025-12-18 13:37:00,311.0,-70,1,2025-12-18
STUBAND_008,ZONE_C,Library,2025-12-19 08:30:00,2025-12-19 09:15:00,45.0,-62,1,2025-12-19
STUBAND_008,ZONE_C,Library,2025-12-20 10:17:00,2025-12-20 11:49:00,92.0,-55,1,2025-12-20
STUBAND_008,ZONE_C,Library,2025-12-22 08:22:00,2025-12-22 08:44:00,22.0,-71,1,2025-12-22
STUBAND_008,ZONE_C,Library,2025-12-23 08:01:00,2025-12-23 10:05:00,124.0,-70,1,2025-12-23
STUBAND_008,ZONE_C,Library,2025-12-25 11:26:00,2025-12-25 12:53:00,87.0,-67,1,2025-12-25
STUBAND_008,ZONE_C,Library,2025-12-26 08:20:00,2025-12-26 09:02:00,42.0,-75,1,2025-12-26
STUBAND_008,ZONE_C,Library,2025-12-27 11:04:00,2025-12-27 13:01:00,117.0,-61,1,2025-12-27
STUBAND_008,ZONE_C,Library,2025-12-29 09:03:00,2025-12-29 09:47:00,44.0,-61,1,2025-12-29
STUBAND_008,ZONE_D,Restricted Area,2025-12-20 08:00:00,2025-12-20 09:55:00,115.0,-49,0,2025-12-20
STUBAND_009,ZONE_A,Lecture Hall,2025-12-03 08:07:00,2025-12-03 09:21:00,74.0,-48,1,2025-12-03
STUBAND_009,ZONE_A,Lecture Hall,2025-12-05 11:10:00,2025-12-05 13:16:00,126.0,-52,1,2025-12-05
STUBAND_009,ZONE_A,Lecture Hall,2025-12-06 08:06:00,2025-12-06 09:26:00,80.0,-46,1,2025-12-06
STUBAND_009,ZONE_A,Lecture Hall,2025-12-10 11:58:00,2025-12-10 13:52:00,114.0,-49,1,2025-12-10
STUBAND_009,ZONE_A,Lecture Hall,2025-12-11 11:05:00,2025-12-11 12:09:00,64.0,-48,1,2025-12-11
STUBAND_009,ZONE_A,Lecture Hall,2025-12-12 12:45:00,2025-12-12 14:02:00,77.0,-56,1,2025-12-12
STUBAND_009,ZONE_A,Lecture Hall,2025-12-15 08:04:00,2025-12-15 09:06:00,62.0,-45,1,2025-12-15
STUBAND_009,ZONE_A,Lecture Hall,2025-12-17 13:23:00,2025-12-17 15:24:00,121.0,-59,1,2025-12-17
STUBAND_009,ZONE_A,Lecture Hall,2025-12-18 08:01:00,2025-12-18 10:03:00,122.0,-53,1,2025-12-18
STUBAND_009,ZONE_A,Lecture Hall,2025-12-19 10:46:00,2025-12-19 12:55:00,129.0,-59,1,2025-12-19
STUBAND_009,ZONE_A,Lecture Hall,2025-12-22 10:47:00,2025-12-22 12:51:00,124.0,-54,1,2025-12-22
STUBAND_009,ZONE_A,Lecture Hall,2025-12-23 08:24:00,2025-12-23 11:14:00,170.0,-46,1,2025-12-23
STUBAND_009,ZONE_A,Lecture Hall,2025-12-24 08:12:00,2025-12-24 08:39:00,27.0,-48,1,2025-12-24
STUBAND_009,ZONE_A,Lecture Hall,2025-12-26 08:17:00,2025-12-26 11:00:00,163.0,-51,1,2025-12-26
STUBAND_009,ZONE_A,Lecture Hall,2025-12-27 08:10:00,2025-12-27 09:44:00,94.0,-53,1,2025-12-27
STUBAND_009,ZONE_B,Laboratory,2025-12-02 08:03:00,2025-12-02 09:02:00,59.0,-67,1,2025-12-02
STUBAND_009,ZONE_B,Laboratory,2025-12-05 08:12:00,2025-12-05 10:42:00,150.0,-64,1,2025-12-05
STUBAND_009,ZONE_B,Laboratory,2025-12-06 11:58:00,2025-12-06 13:59:00,121.0,-50,1,2025-12-06
STUBAND_009,ZONE_B,Laboratory,2025-12-09 08:04:00,2025-12-09 13:25:00,321.0,-62,1,2025-12-09
STUBAND_009,ZONE_B,Laboratory,2025-12-10 09:27:00,2025-12-10 11:53:00,146.0,-66,1,2025-12-10
STUBAND_009,ZONE_B,Laboratory,2025-12-12 08:27:00,2025-12-12 10:16:00,109.0,-53,1,2025-12-12
STUBAND_009,ZONE_B,Laboratory,2025-12-16 09:45:00,2025-12-16 12:22:00,157.0,-69,1,2025-12-16
STUBAND_009,ZONE_B,Laboratory,2025-12-17 08:30:00,2025-12-17 13:17:00,287.0,-68,1,2025-12-17
STUBAND_009,ZONE_B,Laboratory,2025-12-19 08:12:00,2025-12-19 10:37:00,145.0,-52,1,2025-12-19
STUBAND_009,ZONE_B,Laboratory,2025-12-20 09:33:00,2025-12-20 12:00:00,147.0,-66,1,2025-12-20
STUBAND_009,ZONE_B,Laboratory,2025-12-22 08:09:00,2025-12-22 10:36:00,147.0,-67,1,2025-12-22
STUBAND_009,ZONE_B,Laboratory,2025-12-24 08:59:00,2025-12-24 09:53:00,54.0,-65,1,2025-12-24
STUBAND_009,ZONE_B,Laboratory,2025-12-26 13:05:00,2025-12-26 14:31:00,86.0,-58,1,2025-12-26
STUBAND_009,ZONE_B,Laboratory,2025-12-29 09:19:00,2025-12-29 10:43:00,84.0,-53,1,2025-12-29
STUBAND_009,ZONE_B,Laboratory,2025-12-30 10:23:00,2025-12-30 12:25:00,122.0,-61,1,2025-12-30
STUBAND_009,ZONE_C,Library,2025-12-03 09:28:00,2025-12-03 10:03:00,35.0,-58,1,2025-12-03
STUBAND_009,ZONE_C,Library,2025-12-06 09:42:00,2025-12-06 11:36:00,114.0,-72,1,2025-12-06
STUBAND_009,ZONE_C,Library,2025-12-09 13:41:00,2025-12-09 16:13:00,152.0,-58,1,2025-12-09
STUBAND_009,ZONE_C,Library,2025-12-10 08:25:00,2025-12-10 09:16:00,51.0,-64,1,2025-12-10
STUBAND_009,ZONE_C,Library,2025-12-11 08:22:00,2025-12-11 10:44:00,142.0,-58,1,2025-12-11
STUBAND_009,ZONE_C,Library,2025-12-12 10:24:00,2025-12-12 12:24:00,120.0,-70,1,2025-12-12
STUBAND_009,ZONE_C,Library,2025-12-16 08:15:00,2025-12-16 09:31:00,76.0,-75,1,2025-12-16
STUBAND_009,ZONE_C,Library,2025-12-17 15:45:00,2025-12-17 18:13:00,148.0,-66,1,2025-12-17
STUBAND_009,ZONE_C,Library,2025-12-19 13:02:00,2025-12-19 16:02:00,180.0,-66,1,2025-12-19
STUBAND_009,ZONE_C,Library,2025-12-20 08:06:00,2025-12-20 09:27:00,81.0,-71,1,2025-12-20
STUBAND_009,ZONE_C,Library,2025-12-22 13:05:00,2025-12-22 18:28:00,323.0,-70,1,2025-12-22
STUBAND_009,ZONE_C,Library,2025-12-23 11:35:00,2025-12-23 11:56:00,21.0,-71,1,2025-12-23
STUBAND_009,ZONE_C,Library,2025-12-24 10:21:00,2025-12-24 13:00:00,159.0,-63,1,2025-12-24
STUBAND_009,ZONE_C,Library,2025-12-25 08:12:00,2025-12-25 10:08:00,116.0,-73,1,2025-12-25
STUBAND_009,ZONE_C,Library,2025-12-26 11:23:00,2025-12-26 12:53:00,90.0,-64,1,2025-12-26
STUBAND_009,ZONE_C,Library,2025-12-27 10:11:00,2025-12-27 12:24:00,133.0,-63,1,2025-12-27
STUBAND_009,ZONE_C,Library,2025-12-30 08:28:00,2025-12-30 09:53:00,85.0,-57,1,2025-12-30
STUBAND_009,ZONE_D,Restricted Area,2025-12-29 08:21:00,2025-12-29 08:51:00,30.0,-56,0,2025-12-29
STUBAND_010,ZONE_A,Lecture Hall,2025-12-01 11:27:00,2025-12-01 13:38:00,131.0,-50,1,2025-12-01
STUBAND_010,ZONE_A,Lecture Hall,2025-12-03 08:15:00,2025-12-03 09:51:00,96.0,-60,1,2025-12-03
STUBAND_010,ZONE_A,Lecture Hall,2025-12-04 08:27:00,2025-12-04 10:14:00,107.0,-45,1,2025-12-04
STUBAND_010,ZONE_A,Lecture Hall,2025-12-05 11:00:00,2025-12-05 12:48:00,108.0,-46,1,2025-12-05
STUBAND_010,ZONE_A,Lecture Hall,2025-12-06 08:21:00,2025-12-06 13:23:00,302.0,-60,1,2025-12-06
STUBAND_010,ZONE_A,Lecture Hall,2025-12-15 08:08:00,2025-12-15 09:18:00,70.0,-45,1,2025-12-15
STUBAND_010,ZONE_A,Lecture Hall,2025-12-16 10:33:00,2025-12-16 12:45:00,132.0,-59,1,2025-12-16
STUBAND_010,ZONE_A,Lecture Hall,2025-12-17 08:02:00,2025-12-17 09:01:00,59.0,-54,1,2025-12-17
STUBAND_010,ZONE_A,Lecture Hall,2025-12-18 08:06:00,2025-12-18 08:49:00,43.0,-46,1,2025-12-18
STUBAND_010,ZONE_A,Lecture Hall,2025-12-19 08:05:00,2025-12-19 10:26:00,141.0,-51,1,2025-12-19
STUBAND_010,ZONE_A,Lecture Hall,2025-12-20 11:05:00,2025-12-20 12:08:00,63.0,-49,1,2025-12-20
STUBAND_010,ZONE_A,Lecture Hall,2025-12-22 11:12:00,2025-12-22 11:55:00,43.0,-45,1,2025-12-22
STUBAND_010,ZONE_A,Lecture Hall,2025-12-23 10:26:00,2025-12-23 13:21:00,175.0,-48,1,2025-12-23
STUBAND_010,ZONE_A,Lecture Hall,2025-12-26 08:09:00,2025-12-26 10:40:00,151.0,-50,1,2025-12-26
STUBAND_010,ZONE_A,Lecture Hall,2025-12-27 08:56:00,2025-12-27 09:40:00,44.0,-55,1,2025-12-27
STUBAND_010,ZONE_A,Lecture Hall,2025-12-29 10:12:00,2025-12-29 11:14:00,62.0,-47,1,2025-12-29
STUBAND_010,ZONE_A,Lecture Hall,2025-12-30 08:05:00,2025-12-30 10:52:00,167.0,-45,1,2025-12-30
STUBAND_010,ZONE_B,Laboratory,2025-12-03 12:49:00,2025-12-03 14:05:00,76.0,-53,1,2025-12-03
STUBAND_010,ZONE_B,Laboratory,2025-12-05 13:03:00,2025-12-05 14:59:00,116.0,-53,1,2025-12-05
STUBAND_010,ZONE_B,Laboratory,2025-12-08 13:33:00,2025-12-08 15:25:00,112.0,-51,1,2025-12-08
STUBAND_010,ZONE_B,Laboratory,2025-12-09 10:46:00,2025-12-09 12:35:00,109.0,-63,1,2025-12-09
STUBAND_010,ZONE_B,Laboratory,2025-12-10 10:49:00,2025-12-10 12:30:00,101.0,-68,1,2025-12-10
STUBAND_010,ZONE_B,Laboratory,2025-12-11 09:55:00,2025-12-11 11:08:00,73.0,-61,1,2025-12-11
STUBAND_010,ZONE_B,Laboratory,2025-12-12 09:29:00,2025-12-12 10:17:00,48.0,-64,1,2025-12-12
STUBAND_010,ZONE_B,Laboratory,2025-12-15 09:37:00,2025-12-15 09:58:00,21.0,-67,1,2025-12-15
STUBAND_010,ZONE_B,Laboratory,2025-12-17 10:13:00,2025-12-17 11:34:00,81.0,-57,1,2025-12-17
STUBAND_010,ZONE_B,Laboratory,2025-12-20 08:18:00,2025-12-20 10:39:00,141.0,-63,1,2025-12-20
STUBAND_010,ZONE_B,Laboratory,2025-12-23 13:48:00,2025-12-23 15:35:00,107.0,-63,1,2025-12-23
STUBAND_010,ZONE_B,Laboratory,2025-12-25 13:24:00,2025-12-25 15:55:00,151.0,-65,1,2025-12-25
STUBAND_010,ZONE_B,Laboratory,2025-12-27 08:05:00,2025-12-27 08:45:00,40.0,-63,1,2025-12-27
STUBAND_010,ZONE_B,Laboratory,2025-12-30 11:57:00,2025-12-30 12:31:00,34.0,-52,1,2025-12-30
STUBAND_010,ZONE_C,Library,2025-12-01 08:21:00,2025-12-01 10:58:00,157.0,-72,1,2025-12-01
STUBAND_010,ZONE_C,Library,2025-12-02 08:15:00,2025-12-02 08:48:00,33.0,-67,1,2025-12-02
STUBAND_010,ZONE_C,Library,2025-12-03 10:20:00,2025-12-03 12:27:00,127.0,-63,1,2025-12-03
STUBAND_010,ZONE_C,Library,2025-12-05 08:26:00,2025-12-05 10:51:00,145.0,-57,1,2025-12-05
STUBAND_010,ZONE_C,Library,2025-12-08 08:22:00,2025-12-08 13:23:00,301.0,-63,1,2025-12-08
STUBAND_010,ZONE_C,Library,2025-12-09 08:28:00,2025-12-09 10:39:00,131.0,-59,1,2025-12-09
STUBAND_010,ZONE_C,Library,2025-12-10 08:22:00,2025-12-10 10:26:00,124.0,-60,1,2025-12-10
STUBAND_010,ZONE_C,Library,2025-12-11 08:19:00,2025-12-11 09:42:00,83.0,-60,1,2025-12-11
STUBAND_010,ZONE_C,Library,2025-12-12 08:17:00,2025-12-12 09:16:00,59.0,-68,1,2025-12-12
STUBAND_010,ZONE_C,Library,2025-12-16 08:18:00,2025-12-16 10:11:00,113.0,-58,1,2025-12-16
STUBAND_010,ZONE_C,Library,2025-12-17 09:23:00,2025-12-17 09:59:00,36.0,-65,1,2025-12-17
STUBAND_010,ZONE_C,Library,2025-12-22 08:00:00,2025-12-22 10:46:00,166.0,-73,1,2025-12-22
STUBAND_010,ZONE_C,Library,2025-12-23 08:23:00,2025-12-23 10:05:00,102.0,-56,1,2025-12-23
STUBAND_010,ZONE_C,Library,2025-12-24 08:28:00,2025-12-24 08:50:00,22.0,-55,1,2025-12-24
STUBAND_010,ZONE_C,Library,2025-12-25 08:28:00,2025-12-25 13:05:00,277.0,-56,1,2025-12-25
STUBAND_010,ZONE_C,Library,2025-12-26 10:53:00,2025-12-26 13:40:00,167.0,-58,1,2025-12-26
STUBAND_010,ZONE_C,Library,2025-12-29 08:27:00,2025-12-29 09:47:00,80.0,-69,1,2025-12-29
STUBAND_010,ZONE_C,Library,2025-12-30 11:00:00,2025-12-30 11:29:00,29.0,-56,1,2025-12-30
STUBAND_011,ZONE_A,Lecture Hall,2025-12-01 11:20:00,2025-12-01 13:55:00,155.0,-55,1,2025-12-01
STUBAND_011,ZONE_A,Lecture Hall,2025-12-03 08:10:00,2025-12-03 11:09:00,179.0,-46,1,2025-12-03
STUBAND_011,ZONE_A,Lecture Hall,2025-12-04 08:12:00,2025-12-04 10:56:00,164.0,-59,1,2025-12-04
STUBAND_011,ZONE_A,Lecture Hall,2025-12-05 08:27:00,2025-12-05 10:24:00,117.0,-45,1,2025-12-05
STUBAND_011,ZONE_A,Lecture Hall,2025-12-06 09:53:00,2025-12-06 10:50:00,57.0,-60,1,2025-12-06
STUBAND_011,ZONE_A,Lecture Hall,2025-12-09 09:51:00,2025-12-09 10:46:00,55.0,-50,1,2025-12-09
STUBAND_011,ZONE_A,Lecture Hall,2025-12-12 08:02:00,2025-12-12 10:16:00,134.0,-57,1,2025-12-12
STUBAND_011,ZONE_A,Lecture Hall,2025-12-15 12:00:00,2025-12-15 14:25:00,145.0,-51,1,2025-12-15
STUBAND_011,ZONE_A,Lecture Hall,2025-12-16 08:09:00,2025-12-16 09:58:00,109.0,-59,1,2025-12-16
STUBAND_011,ZONE_A,Lecture Hall,2025-12-17 08:09:00,2025-12-17 09:04:00,55.0,-55,1,2025-12-17
STUBAND_011,ZONE_A,Lecture Hall,2025-12-19 10:31:00,2025-12-19 11:58:00,87.0,-52,1,2025-12-19
STUBAND_011,ZONE_A,Lecture Hall,2025-12-20 11:27:00,2025-12-20 13:12:00,105.0,-55,1,2025-12-20
STUBAND_011,ZONE_A,Lecture Hall,2025-12-25 08:13:00,2025-12-25 10:36:00,143.0,-50,1,2025-12-25
STUBAND_011,ZONE_A,Lecture Hall,2025-12-26 08:30:00,2025-12-26 09:56:00,86.0,-60,1,2025-12-26
STUBAND_011,ZONE_A,Lecture Hall,2025-12-27 08:16:00,2025-12-27 11:14:00,178.0,-58,1,2025-12-27
STUBAND_011,ZONE_A,Lecture Hall,2025-12-29 08:00:00,2025-12-29 08:59:00,59.0,-45,1,2025-12-29
STUBAND_011,ZONE_A,Lecture Hall,2025-12-30 08:20:00,2025-12-30 13:47:00,327.0,-48,1,2025-12-30
STUBAND_011,ZONE_B,Laboratory,2025-12-01 14:00:00,2025-12-01 14:24:00,24.0,-51,1,2025-12-01
STUBAND_011,ZONE_B,Laboratory,2025-12-03 11:31:00,2025-12-03 14:22:00,171.0,-70,1,2025-12-03
STUBAND_011,ZONE_B,Laboratory,2025-12-06 08:26:00,2025-12-06 09:23:00,57.0,-63,1,2025-12-06
STUBAND_011,ZONE_B,Laboratory,2025-12-08 08:18:00,2025-12-08 10:19:00,121.0,-58,1,2025-12-08
STUBAND_011,ZONE_B,Laboratory,2025-12-09 10:52:00,2025-12-09 13:12:00,140.0,-61,1,2025-12-09
STUBAND_011,ZONE_B,Laboratory,2025-12-11 08:09:00,2025-12-11 10:10:00,121.0,-53,1,2025-12-11
STUBAND_011,ZONE_B,Laboratory,2025-12-15 08:13:00,2025-12-15 09:24:00,71.0,-51,1,2025-12-15
STUBAND_011,ZONE_B,Laboratory,2025-12-17 09:31:00,2025-12-17 11:19:00,108.0,-70,1,2025-12-17
STUBAND_011,ZONE_B,Laboratory,2025-12-18 08:13:00,2025-12-18 10:10:00,117.0,-58,1,2025-12-18
STUBAND_011,ZONE_B,Laboratory,2025-12-19 12:10:00,2025-12-19 13:08:00,58.0,-62,1,2025-12-19
STUBAND_011,ZONE_B,Laboratory,2025-12-22 08:08:00,2025-12-22 12:50:00,282.0,-56,1,2025-12-22
STUBAND_011,ZONE_B,Laboratory,2025-12-23 08:19:00,2025-12-23 10:59:00,160.0,-54,1,2025-12-23
STUBAND_011,ZONE_B,Laboratory,2025-12-26 10:03:00,2025-12-26 11:19:00,76.0,-58,1,2025-12-26
STUBAND_011,ZONE_B,Laboratory,2025-12-27 11:23:00,2025-12-27 12:46:00,83.0,-58,1,2025-12-27
STUBAND_011,ZONE_C,Library,2025-12-01 08:27:00,2025-12-01 10:56:00,149.0,-55,1,2025-12-01
STUBAND_011,ZONE_C,Library,2025-12-04 11:10:00,2025-12-04 12:00:00,50.0,-73,1,2025-12-04
STUBAND_011,ZONE_C,Library,2025-12-06 10:59:00,2025-12-06 12:03:00,64.0,-58,1,2025-12-06
STUBAND_011,ZONE_C,Library,2025-12-09 08:02:00,2025-12-09 09:43:00,101.0,-64,1,2025-12-09
STUBAND_011,ZONE_C,Library,2025-12-11 10:26:00,2025-12-11 11:59:00,93.0,-71,1,2025-12-11
STUBAND_011,ZONE_C,Library,2025-12-12 10:40:00,2025-12-12 11:59:00,79.0,-74,1,2025-12-12
STUBAND_011,ZONE_C,Library,2025-12-15 09:44:00,2025-12-15 11:45:00,121.0,-65,1,2025-12-15
STUBAND_011,ZONE_C,Library,2025-12-16 10:05:00,2025-12-16 10:55:00,50.0,-61,1,2025-12-16
STUBAND_011,ZONE_C,Library,2025-12-18 10:36:00,2025-12-18 11:50:00,74.0,-62,1,2025-12-18
STUBAND_011,ZONE_C,Library,2025-12-19 08:11:00,2025-12-19 10:25:00,134.0,-63,1,2025-12-19
STUBAND_011,ZONE_C,Library,2025-12-20 08:15:00,2025-12-20 10:58:00,163.0,-71,1,2025-12-20
STUBAND_011,ZONE_C,Library,2025-12-22 12:56:00,2025-12-22 13:45:00,49.0,-65,1,2025-12-22
STUBAND_011,ZONE_C,Library,2025-12-25 11:02:00,2025-12-25 13:53:00,171.0,-60,1,2025-12-25
STUBAND_011,ZONE_C,Library,2025-12-30 13:53:00,2025-12-30 15:09:00,76.0,-71,1,2025-12-30
STUBAND_012,ZONE_A,Lecture Hall,2025-12-01 09:37:00,2025-12-01 12:13:00,156.0,-45,1,2025-12-01
STUBAND_012,ZONE_A,Lecture Hall,2025-12-02 10:54:00,2025-12-02 11:52:00,58.0,-60,1,2025-12-02
STUBAND_012,ZONE_A,Lecture Hall,2025-12-03 08:27:00,2025-12-03 09:41:00,74.0,-52,1,2025-12-03
STUBAND_012,ZONE_A,Lecture Hall,2025-12-04 14:03:00,2025-12-04 15:07:00,64.0,-58,1,2025-12-04
STUBAND_012,ZONE_A,Lecture Hall,2025-12-05 09:20:00,2025-12-05 13:58:00,278.0,-46,1,2025-12-05
STUBAND_012,ZONE_A,Lecture Hall,2025-12-06 14:17:00,2025-12-06 16:38:00,141.0,-57,1,2025-12-06
STUBAND_012,ZONE_A,Lecture Hall,2025-12-08 08:16:00,2025-12-08 10:05:00,109.0,-54,1,2025-12-08
STUBAND_012,ZONE_A,Lecture Hall,2025-12-09 11:16:00,2025-12-09 12:49:00,93.0,-47,1,2025-12-09
STUBAND_012,ZONE_A,Lecture Hall,2025-12-10 08:55:00,2025-12-10 09:56:00,61.0,-56,1,2025-12-10
STUBAND_012,ZONE_A,Lecture Hall,2025-12-13 09:05:00,2025-12-13 09:29:00,24.0,-45,1,2025-12-13
STUBAND_012,ZONE_A,Lecture Hall,2025-12-16 12:48:00,2025-12-16 14:22:00,94.0,-50,1,2025-12-16
STUBAND_012,ZONE_A,Lecture Hall,2025-12-17 09:42:00,2025-12-17 11:51:00,129.0,-60,1,2025-12-17
STUBAND_012,ZONE_A,Lecture Hall,2025-12-18 11:20:00,2025-12-18 13:18:00,118.0,-59,1,2025-12-18
STUBAND_012,ZONE_A,Lecture Hall,2025-12-19 11:10:00,2025-12-19 11:50:00,40.0,-53,1,2025-12-19
STUBAND_012,ZONE_A,Lecture Hall,2025-12-22 08:21:00,2025-12-22 10:33:00,132.0,-55,1,2025-12-22
STUBAND_012,ZONE_A,Lecture Hall,2025-12-23 12:00:00,2025-12-23 14:06:00,126.0,-45,1,2025-12-23
STUBAND_012,ZONE_A,Lecture Hall,2025-12-24 08:23:00,2025-12-24 10:54:00,151.0,-49,1,2025-12-24
STUBAND_012,ZONE_A,Lecture Hall,2025-12-26 10:16:00,2025-12-26 12:06:00,110.0,-55,1,2025-12-26
STUBAND_012,ZONE_A,Lecture Hall,2025-12-27 10:04:00,2025-12-27 12:42:00,158.0,-46,1,2025-12-27
STUBAND_012,ZONE_B,Laboratory,2025-12-01 08:28:00,2025-12-01 09:09:00,41.0,-52,1,2025-12-01
STUBAND_012,ZONE_B,Laboratory,2025-12-04 08:29:00,2025-12-04 11:19:00,170.0,-56,1,2025-12-04
STUBAND_012,ZONE_B,Laboratory,2025-12-05 08:16:00,2025-12-05 09:01:00,45.0,-52,1,2025-12-05
STUBAND_012,ZONE_B,Laboratory,2025-12-09 08:00:00,2025-12-09 10:55:00,175.0,-66,1,2025-12-09
STUBAND_012,ZONE_B,Laboratory,2025-12-10 10:11:00,2025-12-10 10:51:00,40.0,-54,1,2025-12-10
STUBAND_012,ZONE_B,Laboratory,2025-12-12 08:09:00,2025-12-12 10:56:00,167.0,-63,1,2025-12-12
STUBAND_012,ZONE_B,Laboratory,2025-12-13 08:06:00,2025-12-13 08:41:00,35.0,-54,1,2025-12-13
STUBAND_012,ZONE_B,Laboratory,2025-12-15 11:00:00,2025-12-15 16:53:00,353.0,-53,1,2025-12-15
STUBAND_012,ZONE_B,Laboratory,2025-12-16 10:01:00,2025-12-16 12:38:00,157.0,-53,1,2025-12-16
STUBAND_012,ZONE_B,Laboratory,2025-12-18 08:20:00,2025-12-18 11:00:00,160.0,-61,1,2025-12-18
STUBAND_012,ZONE_B,Laboratory,2025-12-19 12:07:00,2025-12-19 14:39:00,152.0,-69,1,2025-12-19
STUBAND_012,ZONE_B,Laboratory,2025-12-23 09:48:00,2025-12-23 11:38:00,110.0,-60,1,2025-12-23
STUBAND_012,ZONE_B,Laboratory,2025-12-24 11:03:00,2025-12-24 14:00:00,177.0,-65,1,2025-12-24
STUBAND_012,ZONE_B,Laboratory,2025-12-26 08:22:00,2025-12-26 10:09:00,107.0,-68,1,2025-12-26
STUBAND_012,ZONE_B,Laboratory,2025-12-27 08:01:00,2025-12-27 09:44:00,103.0,-59,1,2025-12-27
STUBAND_012,ZONE_B,Laboratory,2025-12-29 08:02:00,2025-12-29 11:02:00,180.0,-51,1,2025-12-29
STUBAND_012,ZONE_C,Library,2025-12-01 12:42:00,2025-12-01 15:03:00,141.0,-71,1,2025-12-01
STUBAND_012,ZONE_C,Library,2025-12-02 08:23:00,2025-12-02 10:32:00,129.0,-61,1,2025-12-02
STUBAND_012,ZONE_C,Library,2025-12-04 11:37:00,2025-12-04 12:12:00,35.0,-66,1,2025-12-04
STUBAND_012,ZONE_C,Library,2025-12-05 14:16:00,2025-12-05 14:55:00,39.0,-55,1,2025-12-05
STUBAND_012,ZONE_C,Library,2025-12-06 08:05:00,2025-12-06 13:59:00,354.0,-67,1,2025-12-06
STUBAND_012,ZONE_C,Library,2025-12-08 10:21:00,2025-12-08 11:41:00,80.0,-55,1,2025-12-08
STUBAND_012,ZONE_C,Library,2025-12-09 13:01:00,2025-12-09 14:22:00,81.0,-66,1,2025-12-09
STUBAND_012,ZONE_C,Library,2025-12-10 08:13:00,2025-12-10 08:47:00,34.0,-59,1,2025-12-10
STUBAND_012,ZONE_C,Library,2025-12-12 11:11:00,2025-12-12 12:53:00,102.0,-57,1,2025-12-12
STUBAND_012,ZONE_C,Library,2025-12-15 17:12:00,2025-12-15 18:46:00,94.0,-69,1,2025-12-15
STUBAND_012,ZONE_C,Library,2025-12-16 08:19:00,2025-12-16 09:31:00,72.0,-71,1,2025-12-16
STUBAND_012,ZONE_C,Library,2025-12-17 08:23:00,2025-12-17 09:13:00,50.0,-67,1,2025-12-17
STUBAND_012,ZONE_C,Library,2025-12-18 13:27:00,2025-12-18 16:01:00,154.0,-62,1,2025-12-18
STUBAND_012,ZONE_C,Library,2025-12-19 08:26:00,2025-12-19 10:47:00,141.0,-62,1,2025-12-19
STUBAND_012,ZONE_C,Library,2025-12-23 08:22:00,2025-12-23 09:27:00,65.0,-55,1,2025-12-23
STUBAND_012,ZONE_C,Library,2025-12-27 12:55:00,2025-12-27 15:33:00,158.0,-58,1,2025-12-27
STUBAND_012,ZONE_D,Restricted Area,2025-12-04 12:36:00,2025-12-04 13:50:00,74.0,-62,0,2025-12-04
STUBAND_012,ZONE_D,Restricted Area,2025-12-15 08:11:00,2025-12-15 10:50:00,159.0,-62,0,2025-12-15
STUBAND_013,ZONE_A,Lecture Hall,2025-12-01 08:12:00,2025-12-01 09:29:00,77.0,-46,1,2025-12-01
STUBAND_013,ZONE_A,Lecture Hall,2025-12-06 08:23:00,2025-12-06 08:50:00,27.0,-51,1,2025-12-06
STUBAND_013,ZONE_A,Lecture Hall,2025-12-09 08:19:00,2025-12-09 09:53:00,94.0,-53,1,2025-12-09
STUBAND_013,ZONE_A,Lecture Hall,2025-12-10 11:13:00,2025-12-10 14:07:00,174.0,-55,1,2025-12-10
STUBAND_013,ZONE_A,Lecture Hall,2025-12-11 12:49:00,2025-12-11 15:24:00,155.0,-59,1,2025-12-11
STUBAND_013,ZONE_A,Lecture Hall,2025-12-13 08:17:00,2025-12-13 14:06:00,349.0,-51,1,2025-12-13
STUBAND_013,ZONE_A,Lecture Hall,2025-12-16 08:08:00,2025-12-16 09:01:00,53.0,-56,1,2025-12-16
STUBAND_013,ZONE_A,Lecture Hall,2025-12-17 08:16:00,2025-12-17 13:48:00,332.0,-49,1,2025-12-17
STUBAND_013,ZONE_A,Lecture Hall,2025-12-18 08:17:00,2025-12-18 11:01:00,164.0,-45,1,2025-12-18
STUBAND_013,ZONE_A,Lecture Hall,2025-12-19 09:48:00,2025-12-19 11:59:00,131.0,-59,1,2025-12-19
STUBAND_013,ZONE_A,Lecture Hall,2025-12-20 12:30:00,2025-12-20 14:27:00,117.0,-54,1,2025-12-20
STUBAND_013,ZONE_A,Lecture Hall,2025-12-23 10:00:00,2025-12-23 10:35:00,35.0,-52,1,2025-12-23
STUBAND_013,ZONE_A,Lecture Hall,2025-12-24 08:09:00,2025-12-24 09:19:00,70.0,-58,1,2025-12-24
STUBAND_013,ZONE_A,Lecture Hall,2025-12-26 11:36:00,2025-12-26 12:23:00,47.0,-49,1,2025-12-26
STUBAND_013,ZONE_A,Lecture Hall,2025-12-27 10:53:00,2025-12-27 13:13:00,140.0,-56,1,2025-12-27
STUBAND_013,ZONE_A,Lecture Hall,2025-12-29 08:10:00,2025-12-29 10:22:00,132.0,-49,1,2025-12-29
STUBAND_013,ZONE_A,Lecture Hall,2025-12-30 10:00:00,2025-12-30 10:32:00,32.0,-45,1,2025-12-30
STUBAND_013,ZONE_B,Laboratory,2025-12-01 15:18:00,2025-12-01 15:56:00,38.0,-52,1,2025-12-01
STUBAND_013,ZONE_B,Laboratory,2025-12-03 11:10:00,2025-12-03 11:47:00,37.0,-59,1,2025-12-03
STUBAND_013,ZONE_B,Laboratory,2025-12-05 11:13:00,2025-12-05 11:42:00,29.0,-55,1,2025-12-05
STUBAND_013,ZONE_B,Laboratory,2025-12-06 08:56:00,2025-12-06 11:05:00,129.0,-55,1,2025-12-06
STUBAND_013,ZONE_B,Laboratory,2025-12-09 11:55:00,2025-12-09 12:36:00,41.0,-57,1,2025-12-09
STUBAND_013,ZONE_B,Laboratory,2025-12-10 14:22:00,2025-12-10 18:45:00,263.0,-52,1,2025-12-10
STUBAND_013,ZONE_B,Laboratory,2025-12-11 11:16:00,2025-12-11 12:37:00,81.0,-51,1,2025-12-11
STUBAND_013,ZONE_B,Laboratory,2025-12-12 08:09:00,2025-12-12 13:44:00,335.0,-62,1,2025-12-12
STUBAND_013,ZONE_B,Laboratory,2025-12-13 14:32:00,2025-12-13 15:16:00,44.0,-65,1,2025-12-13
STUBAND_013,ZONE_B,Laboratory,2025-12-16 09:13:00,2025-12-16 11:13:00,120.0,-63,1,2025-12-16
STUBAND_013,ZONE_B,Laboratory,2025-12-17 13:58:00,2025-12-17 14:44:00,46.0,-59,1,2025-12-17
STUBAND_013,ZONE_B,Laboratory,2025-12-18 11:22:00,2025-12-18 12:28:00,66.0,-60,1,2025-12-18
STUBAND_013,ZONE_B,Laboratory,2025-12-19 08:30:00,2025-12-19 09:39:00,69.0,-65,1,2025-12-19
STUBAND_013,ZONE_B,Laboratory,2025-12-20 09:18:00,2025-12-20 12:07:00,169.0,-69,1,2025-12-20
STUBAND_013,ZONE_B,Laboratory,2025-12-23 08:45:00,2025-12-23 09:46:00,61.0,-62,1,2025-12-23
STUBAND_013,ZONE_B,Laboratory,2025-12-24 11:47:00,2025-12-24 13:07:00,80.0,-66,1,2025-12-24
STUBAND_013,ZONE_B,Laboratory,2025-12-25 08:16:00,2025-12-25 09:13:00,57.0,-69,1,2025-12-25
STUBAND_013,ZONE_B,Laboratory,2025-12-26 08:15:00,2025-12-26 09:36:00,81.0,-64,1,2025-12-26
STUBAND_013,ZONE_B,Laboratory,2025-12-27 10:26:00,2025-12-27 10:48:00,22.0,-62,1,2025-12-27
STUBAND_013,ZONE_B,Laboratory,2025-12-29 10:50:00,2025-12-29 11:44:00,54.0,-58,1,2025-12-29
STUBAND_013,ZONE_C,Library,2025-12-01 09:36:00,2025-12-01 15:06:00,330.0,-65,1,2025-12-01
STUBAND_013,ZONE_C,Library,2025-12-03 08:26:00,2025-12-03 11:04:00,158.0,-73,1,2025-12-03
STUBAND_013,ZONE_C,Library,2025-12-05 08:20:00,2025-12-05 10:56:00,156.0,-73,1,2025-12-05
STUBAND_013,ZONE_C,Library,2025-12-06 11:31:00,2025-12-06 16:01:00,270.0,-61,1,2025-12-06
STUBAND_013,ZONE_C,Library,2025-12-09 10:11:00,2025-12-09 11:32:00,81.0,-75,1,2025-12-09
STUBAND_013,ZONE_C,Library,2025-12-10 08:16:00,2025-12-10 11:04:00,168.0,-55,1,2025-12-10
STUBAND_013,ZONE_C,Library,2025-12-11 08:06:00,2025-12-11 10:49:00,163.0,-58,1,2025-12-11
STUBAND_013,ZONE_C,Library,2025-12-16 11:33:00,2025-12-16 13:01:00,88.0,-71,1,2025-12-16
STUBAND_013,ZONE_C,Library,2025-12-17 15:07:00,2025-12-17 17:37:00,150.0,-72,1,2025-12-17
STUBAND_013,ZONE_C,Library,2025-12-18 12:33:00,2025-12-18 13:00:00,27.0,-65,1,2025-12-18
STUBAND_013,ZONE_C,Library,2025-12-19 12:10:00,2025-12-19 12:47:00,37.0,-67,1,2025-12-19
STUBAND_013,ZONE_C,Library,2025-12-20 08:08:00,2025-12-20 08:58:00,50.0,-57,1,2025-12-20
STUBAND_013,ZONE_C,Library,2025-12-23 08:00:00,2025-12-23 08:34:00,34.0,-63,1,2025-12-23
STUBAND_013,ZONE_C,Library,2025-12-24 09:47:00,2025-12-24 11:31:00,104.0,-57,1,2025-12-24
STUBAND_013,ZONE_C,Library,2025-12-25 09:19:00,2025-12-25 10:25:00,66.0,-70,1,2025-12-25
STUBAND_013,ZONE_C,Library,2025-12-26 09:49:00,2025-12-26 11:12:00,83.0,-69,1,2025-12-26
STUBAND_013,ZONE_C,Library,2025-12-27 08:15:00,2025-12-27 10:08:00,113.0,-73,1,2025-12-27
STUBAND_013,ZONE_C,Library,2025-12-29 11:57:00,2025-12-29 14:09:00,132.0,-74,1,2025-12-29
STUBAND_013,ZONE_C,Library,2025-12-30 08:07:00,2025-12-30 09:53:00,106.0,-63,1,2025-12-30
STUBAND_013,ZONE_D,Restricted Area,2025-12-10 18:52:00,2025-12-10 20:19:00,87.0,-64,0,2025-12-10
STUBAND_014,ZONE_A,Lecture Hall,2025-12-01 08:27:00,2025-12-01 13:17:00,290.0,-50,1,2025-12-01
STUBAND_014,ZONE_A,Lecture Hall,2025-12-02 08:55:00,2025-12-02 11:38:00,163.0,-57,1,2025-12-02
STUBAND_014,ZONE_A,Lecture Hall,2025-12-03 08:04:00,2025-12-03 08:53:00,49.0,-53,1,2025-12-03
STUBAND_014,ZONE_A,Lecture Hall,2025-12-08 14:52:00,2025-12-08 17:52:00,180.0,-50,1,2025-12-08
STUBAND_014,ZONE_A,Lecture Hall,2025-12-09 08:27:00,2025-12-09 13:36:00,309.0,-45,1,2025-12-09
STUBAND_014,ZONE_A,Lecture Hall,2025-12-10 10:45:00,2025-12-10 15:12:00,267.0,-46,1,2025-12-10
STUBAND_014,ZONE_A,Lecture Hall,2025-12-11 08:10:00,2025-12-11 09:05:00,55.0,-45,1,2025-12-11
STUBAND_014,ZONE_A,Lecture Hall,2025-12-12 08:25:00,2025-12-12 10:29:00,124.0,-50,1,2025-12-12
STUBAND_014,ZONE_A,Lecture Hall,2025-12-15 08:07:00,2025-12-15 08:45:00,38.0,-47,1,2025-12-15
STUBAND_014,ZONE_A,Lecture Hall,2025-12-16 08:12:00,2025-12-16 10:06:00,114.0,-52,1,2025-12-16
STUBAND_014,ZONE_A,Lecture Hall,2025-12-18 09:53:00,2025-12-18 11:52:00,119.0,-53,1,2025-12-18
STUBAND_014,ZONE_A,Lecture Hall,2025-12-20 11:10:00,2025-12-20 12:16:00,66.0,-56,1,2025-12-20
STUBAND_014,ZONE_A,Lecture Hall,2025-12-22 08:12:00,2025-12-22 10:10:00,118.0,-46,1,2025-12-22
STUBAND_014,ZONE_A,Lecture Hall,2025-12-23 08:23:00,2025-12-23 08:55:00,32.0,-51,1,2025-12-23
STUBAND_014,ZONE_A,Lecture Hall,2025-12-25 08:06:00,2025-12-25 10:26:00,140.0,-46,1,2025-12-25
STUBAND_014,ZONE_A,Lecture Hall,2025-12-26 11:27:00,2025-12-26 13:57:00,150.0,-45,1,2025-12-26
STUBAND_014,ZONE_A,Lecture Hall,2025-12-29 08:10:00,2025-12-29 12:49:00,279.0,-55,1,2025-12-29
STUBAND_014,ZONE_B,Laboratory,2025-12-02 08:09:00,2025-12-02 08:39:00,30.0,-59,1,2025-12-02
STUBAND_014,ZONE_B,Laboratory,2025-12-06 08:19:00,2025-12-06 10:02:00,103.0,-50,1,2025-12-06
STUBAND_014,ZONE_B,Laboratory,2025-12-08 08:30:00,2025-12-08 11:14:00,164.0,-50,1,2025-12-08
STUBAND_014,ZONE_B,Laboratory,2025-12-09 13:52:00,2025-12-09 15:43:00,111.0,-62,1,2025-12-09
STUBAND_014,ZONE_B,Laboratory,2025-12-10 15:22:00,2025-12-10 17:40:00,138.0,-56,1,2025-12-10
STUBAND_014,ZONE_B,Laboratory,2025-12-11 09:10:00,2025-12-11 10:10:00,60.0,-53,1,2025-12-11
STUBAND_014,ZONE_B,Laboratory,2025-12-12 10:38:00,2025-12-12 13:15:00,157.0,-61,1,2025-12-12
STUBAND_014,ZONE_B,Laboratory,2025-12-15 09:04:00,2025-12-15 11:06:00,122.0,-51,1,2025-12-15
STUBAND_014,ZONE_B,Laboratory,2025-12-18 12:08:00,2025-12-18 14:59:00,171.0,-65,1,2025-12-18
STUBAND_014,ZONE_B,Laboratory,2025-12-19 11:51:00,2025-12-19 12:39:00,48.0,-54,1,2025-12-19
STUBAND_014,ZONE_B,Laboratory,2025-12-20 08:06:00,2025-12-20 10:51:00,165.0,-60,1,2025-12-20
STUBAND_014,ZONE_B,Laboratory,2025-12-22 10:37:00,2025-12-22 11:39:00,62.0,-55,1,2025-12-22
STUBAND_014,ZONE_B,Laboratory,2025-12-24 08:19:00,2025-12-24 10:12:00,113.0,-66,1,2025-12-24
STUBAND_014,ZONE_B,Laboratory,2025-12-25 13:15:00,2025-12-25 14:21:00,66.0,-66,1,2025-12-25
STUBAND_014,ZONE_B,Laboratory,2025-12-26 14:10:00,2025-12-26 16:57:00,167.0,-58,1,2025-12-26
STUBAND_014,ZONE_B,Laboratory,2025-12-29 16:02:00,2025-12-29 21:43:00,341.0,-56,1,2025-12-29
STUBAND_014,ZONE_C,Library,2025-12-02 11:56:00,2025-12-02 13:16:00,80.0,-56,1,2025-12-02
STUBAND_014,ZONE_C,Library,2025-12-03 09:16:00,2025-12-03 10:41:00,85.0,-69,1,2025-12-03
STUBAND_014,ZONE_C,Library,2025-12-08 11:43:00,2025-12-08 14:27:00,164.0,-57,1,2025-12-08
STUBAND_014,ZONE_C,Library,2025-12-10 08:28:00,2025-12-10 10:31:00,123.0,-66,1,2025-12-10
STUBAND_014,ZONE_C,Library,2025-12-12 13:35:00,2025-12-12 15:11:00,96.0,-68,1,2025-12-12
STUBAND_014,ZONE_C,Library,2025-12-16 10:25:00,2025-12-16 10:45:00,20.0,-60,1,2025-12-16
STUBAND_014,ZONE_C,Library,2025-12-18 08:03:00,2025-12-18 09:31:00,88.0,-68,1,2025-12-18
STUBAND_014,ZONE_C,Library,2025-12-19 08:29:00,2025-12-19 11:28:00,179.0,-75,1,2025-12-19
STUBAND_014,ZONE_C,Library,2025-12-23 09:12:00,2025-12-23 10:52:00,100.0,-63,1,2025-12-23
STUBAND_014,ZONE_C,Library,2025-12-24 10:42:00,2025-12-24 11:45:00,63.0,-65,1,2025-12-24
STUBAND_014,ZONE_C,Library,2025-12-25 10:46:00,2025-12-25 12:51:00,125.0,-70,1,2025-12-25
STUBAND_014,ZONE_C,Library,2025-12-26 08:27:00,2025-12-26 11:14:00,167.0,-65,1,2025-12-26
STUBAND_014,ZONE_C,Library,2025-12-29 13:08:00,2025-12-29 15:46:00,158.0,-66,1,2025-12-29
STUBAND_014,ZONE_C,Library,2025-12-30 08:13:00,2025-12-30 10:37:00,144.0,-60,1,2025-12-30
STUBAND_015,ZONE_A,Lecture Hall,2025-12-02 08:05:00,2025-12-02 09:28:00,83.0,-47,1,2025-12-02
STUBAND_015,ZONE_A,Lecture Hall,2025-12-03 08:18:00,2025-12-03 11:05:00,167.0,-60,1,2025-12-03
STUBAND_015,ZONE_A,Lecture Hall,2025-12-04 13:11:00,2025-12-04 15:50:00,159.0,-54,1,2025-12-04
STUBAND_015,ZONE_A,Lecture Hall,2025-12-05 09:50:00,2025-12-05 11:25:00,95.0,-50,1,2025-12-05
STUBAND_015,ZONE_A,Lecture Hall,2025-12-06 08:27:00,2025-12-06 09:45:00,78.0,-54,1,2025-12-06
STUBAND_015,ZONE_A,Lecture Hall,2025-12-08 12:17:00,2025-12-08 14:46:00,149.0,-58,1,2025-12-08
STUBAND_015,ZONE_A,Lecture Hall,2025-12-11 14:29:00,2025-12-11 14:58:00,29.0,-53,1,2025-12-11
STUBAND_015,ZONE_A,Lecture Hall,2025-12-13 12:13:00,2025-12-13 14:10:00,117.0,-59,1,2025-12-13
STUBAND_015,ZONE_A,Lecture Hall,2025-12-15 10:11:00,2025-12-15 13:07:00,176.0,-49,1,2025-12-15
STUBAND_015,ZONE_A,Lecture Hall,2025-12-16 11:09:00,2025-12-16 12:55:00,106.0,-50,1,2025-12-16
STUBAND_015,ZONE_A,Lecture Hall,2025-12-17 08:11:00,2025-12-17 09:16:00,65.0,-48,1,2025-12-17
STUBAND_015,ZONE_A,Lecture Hall,2025-12-18 11:25:00,2025-12-18 12:08:00,43.0,-55,1,2025-12-18
STUBAND_015,ZONE_A,Lecture Hall,2025-12-19 08:24:00,2025-12-19 11:01:00,157.0,-57,1,2025-12-19
STUBAND_015,ZONE_A,Lecture Hall,2025-12-25 13:54:00,2025-12-25 16:49:00,175.0,-47,1,2025-12-25
STUBAND_015,ZONE_A,Lecture Hall,2025-12-27 09:08:00,2025-12-27 11:51:00,163.0,-49,1,2025-12-27
STUBAND_015,ZONE_A,Lecture Hall,2025-12-29 08:27:00,2025-12-29 09:48:00,81.0,-49,1,2025-12-29
STUBAND_015,ZONE_A,Lecture Hall,2025-12-30 10:10:00,2025-12-30 12:15:00,125.0,-58,1,2025-12-30
STUBAND_015,ZONE_B,Laboratory,2025-12-03 11:31:00,2025-12-03 17:19:00,348.0,-64,1,2025-12-03
STUBAND_015,ZONE_B,Laboratory,2025-12-04 08:09:00,2025-12-04 12:58:00,289.0,-56,1,2025-12-04
STUBAND_015,ZONE_B,Laboratory,2025-12-05 08:13:00,2025-12-05 08:58:00,45.0,-67,1,2025-12-05
STUBAND_015,ZONE_B,Laboratory,2025-12-08 10:37:00,2025-12-08 12:10:00,93.0,-69,1,2025-12-08
STUBAND_015,ZONE_B,Laboratory,2025-12-13 10:42:00,2025-12-13 11:59:00,77.0,-63,1,2025-12-13
STUBAND_015,ZONE_B,Laboratory,2025-12-15 13:13:00,2025-12-15 15:15:00,122.0,-52,1,2025-12-15
STUBAND_015,ZONE_B,Laboratory,2025-12-16 13:17:00,2025-12-16 15:41:00,144.0,-52,1,2025-12-16
STUBAND_015,ZONE_B,Laboratory,2025-12-17 09:22:00,2025-12-17 11:29:00,127.0,-53,1,2025-12-17
STUBAND_015,ZONE_B,Laboratory,2025-12-18 12:14:00,2025-12-18 12:39:00,25.0,-63,1,2025-12-18
STUBAND_015,ZONE_B,Laboratory,2025-12-24 08:26:00,2025-12-24 10:44:00,138.0,-60,1,2025-12-24
STUBAND_015,ZONE_B,Laboratory,2025-12-27 12:09:00,2025-12-27 14:08:00,119.0,-58,1,2025-12-27
STUBAND_015,ZONE_B,Laboratory,2025-12-30 08:02:00,2025-12-30 09:44:00,102.0,-62,1,2025-12-30
STUBAND_015,ZONE_C,Library,2025-12-03 17:44:00,2025-12-03 19:21:00,97.0,-68,1,2025-12-03
STUBAND_015,ZONE_C,Library,2025-12-04 16:02:00,2025-12-04 17:30:00,88.0,-55,1,2025-12-04
STUBAND_015,ZONE_C,Library,2025-12-05 09:17:00,2025-12-05 09:44:00,27.0,-70,1,2025-12-05
STUBAND_015,ZONE_C,Library,2025-12-06 10:03:00,2025-12-06 12:05:00,122.0,-65,1,2025-12-06
STUBAND_015,ZONE_C,Library,2025-12-08 08:16:00,2025-12-08 10:31:00,135.0,-73,1,2025-12-08
STUBAND_015,ZONE_C,Library,2025-12-10 08:10:00,2025-12-10 09:03:00,53.0,-64,1,2025-12-10
STUBAND_015,ZONE_C,Library,2025-12-11 08:24:00,2025-12-11 14:22:00,358.0,-55,1,2025-12-11
STUBAND_015,ZONE_C,Library,2025-12-13 08:02:00,2025-12-13 10:19:00,137.0,-64,1,2025-12-13
STUBAND_015,ZONE_C,Library,2025-12-15 08:22:00,2025-12-15 09:45:00,83.0,-73,1,2025-12-15
STUBAND_015,ZONE_C,Library,2025-12-16 08:30:00,2025-12-16 10:56:00,146.0,-62,1,2025-12-16
STUBAND_015,ZONE_C,Library,2025-12-18 08:30:00,2025-12-18 11:14:00,164.0,-57,1,2025-12-18
STUBAND_015,ZONE_C,Library,2025-12-19 11:17:00,2025-12-19 13:41:00,144.0,-62,1,2025-12-19
STUBAND_015,ZONE_C,Library,2025-12-25 08:07:00,2025-12-25 13:33:00,326.0,-72,1,2025-12-25
STUBAND_015,ZONE_C,Library,2025-12-27 08:25:00,2025-12-27 08:46:00,21.0,-66,1,2025-12-27
STUBAND_015,ZONE_C,Library,2025-12-29 10:03:00,2025-12-29 12:40:00,157.0,-73,1,2025-12-29
